review,rating,date,bank,source,sentiment_label,sentiment_score,clean_review,theme
yoroo namaste 🙏 ♥️ ❤️ 💖 💖,5,2026-05-14,CBE,Google Play,NEGATIVE,0.8904678821563721,yoroo namaste     ,Other
incredible,5,2026-05-14,CBE,Google Play,POSITIVE,0.99987530708313,incredible,Other
best app for financial sector,5,2026-05-14,CBE,Google Play,POSITIVE,0.999165654182434,best app for financial sector,Other
it's a good application,5,2026-05-13,CBE,Google Play,POSITIVE,0.9998661279678344,its a good application,Other
thank you cbe,5,2026-05-13,CBE,Google Play,POSITIVE,0.999755561351776,thank you cbe,Other
is good,5,2026-05-13,CBE,Google Play,POSITIVE,0.9998394250869752,is good,Other
wow,5,2026-05-13,CBE,Google Play,POSITIVE,0.999592125415802,wow,Other
Good application,2,2026-05-13,CBE,Google Play,POSITIVE,0.999854564666748,good application,Other
"Nice, but I can't get some recently transactions. please try to keep all history scrolling full visibility done.",5,2026-05-13,CBE,Google Play,NEGATIVE,0.9879258871078492,nice but i cant get some recently transactions please try to keep all history scrolling full visibility done,Transfer
Very Secure but very poor interface and limited history service. The new colorful version is worst. Visibility and contrast are low. It is just my idea.,1,2026-05-13,CBE,Google Play,NEGATIVE,0.9997770190238952,very secure but very poor interface and limited history service the new colorful version is worst visibility and contrast are low it is just my idea,UI
very nice 100%,5,2026-05-13,CBE,Google Play,POSITIVE,0.9998635053634644,very nice ,Other
good,5,2026-05-12,CBE,Google Play,POSITIVE,0.999816119670868,good,Other
Good to use,5,2026-05-12,CBE,Google Play,POSITIVE,0.9998455047607422,good to use,Other
cbe,1,2026-05-12,CBE,Google Play,POSITIVE,0.9966009855270386,cbe,Other
Cbe,4,2026-05-11,CBE,Google Play,POSITIVE,0.9966009855270386,cbe,Other
best and secured,5,2026-05-11,CBE,Google Play,POSITIVE,0.9998188614845276,best and secured,Other
best,5,2026-05-11,CBE,Google Play,POSITIVE,0.9997941851615906,best,Other
ok,5,2026-05-11,CBE,Google Play,POSITIVE,0.9997851252555848,ok,Other
good,5,2026-05-10,CBE,Google Play,POSITIVE,0.999816119670868,good,Other
why is my transaction fee hidden? Why doesn't the app show some of the transaction fees before. eg vat 15% show it togather before confirmation not after it feels like a scam.,3,2026-05-10,CBE,Google Play,NEGATIVE,0.998854637145996,why is my transaction fee hidden why doesnt the app show some of the transaction fees before eg vat  show it togather before confirmation not after it feels like a scam,Transfer
Gal✅😶‍🌫️,1,2026-05-10,CBE,Google Play,NEGATIVE,0.6970561742782593,gal,Other
posetive,5,2026-05-10,CBE,Google Play,POSITIVE,0.9818595051765442,posetive,Other
እ. በ. ጥ. ነው,5,2026-05-10,CBE,Google Play,NEGATIVE,0.948600709438324,   ,Other
good,5,2026-05-09,CBE,Google Play,POSITIVE,0.999816119670868,good,Other
It is usefull app,5,2026-05-09,CBE,Google Play,POSITIVE,0.9959065914154052,it is usefull app,Other
this app is so functional for airtime for wallet and,5,2026-05-09,CBE,Google Play,NEGATIVE,0.9154265522956848,this app is so functional for airtime for wallet and,Other
very amazing app,5,2026-05-09,CBE,Google Play,POSITIVE,0.9998725652694702,very amazing app,Other
excellent service,5,2026-05-09,CBE,Google Play,POSITIVE,0.9998576641082764,excellent service,Other
There is a a problem when updating the app,3,2026-05-09,CBE,Google Play,NEGATIVE,0.9989816546440125,there is a a problem when updating the app,Other
Cbe,3,2026-05-09,CBE,Google Play,POSITIVE,0.9966009855270386,cbe,Other
smart app,4,2026-05-08,CBE,Google Play,POSITIVE,0.999789297580719,smart app,Other
best,5,2026-05-08,CBE,Google Play,POSITIVE,0.9997941851615906,best,Other
"Internet Based mobile app for CBEBirr A Internet Based mobile app for CBEBirr. With the new Internet based CBEBirr Mobile App you can make every operations applicable via the USSD version of CBEBirr. This app version is the latest version branded as CBEBirr Plus, CBEBirr+, CBE Birr +, or CBE Birr plus.",1,2026-05-08,CBE,Google Play,NEGATIVE,0.9887335300445556,internet based mobile app for cbebirr a internet based mobile app for cbebirr with the new internet based cbebirr mobile app you can make every operations applicable via the ussd version of cbebirr this app version is the latest version branded as cbebirr plus cbebirr cbe birr  or cbe birr plus,Other
CBE it's my excellent choice,5,2026-05-08,CBE,Google Play,POSITIVE,0.9997592568397522,cbe its my excellent choice,Other
Good,5,2026-05-08,CBE,Google Play,POSITIVE,0.999816119670868,good,Other
fast and time saving...,5,2026-05-08,CBE,Google Play,POSITIVE,0.9994866847991944,fast and time saving,Other
ok,5,2026-05-08,CBE,Google Play,POSITIVE,0.9997851252555848,ok,Other
ok,5,2026-05-07,CBE,Google Play,POSITIVE,0.9997851252555848,ok,Other
yesisgood,5,2026-05-07,CBE,Google Play,POSITIVE,0.9984375834465028,yesisgood,Other
so good,5,2026-05-07,CBE,Google Play,POSITIVE,0.999841570854187,so good,Other
"The app is getting worse and worse after every ""update"". The UI is inconsistent, you haven't fixed the issue with Mpesa wallet transfer ( the ""begin 0, end 1, length 0"" error after ever transfer attempt) ; now the tellbirr transfer raises ""Bucket override O-10094"" error. Test your work FULLY before release.",3,2026-05-07,CBE,Google Play,NEGATIVE,0.9996129870414734,the app is getting worse and worse after every update the ui is inconsistent you havent fixed the issue with mpesa wallet transfer  the begin  end  length  error after ever transfer attempt  now the tellbirr transfer raises bucket override o error test your work fully before release,Transfer
iam happy excellent app,5,2026-05-07,CBE,Google Play,POSITIVE,0.9998611211776732,iam happy excellent app,Other
is not work properly !!,3,2026-05-06,CBE,Google Play,NEGATIVE,0.9997790455818176,is not work properly ,Other
አሪፍ አፕ ነው ገራሚ ሁኖ አግኝቼዋለሁ,5,2026-05-06,CBE,Google Play,NEGATIVE,0.9046947360038756,     ,Other
When I update this app there isn't working,1,2026-05-06,CBE,Google Play,NEGATIVE,0.9995754361152648,when i update this app there isnt working,Other
thanks you so much 👍 okay I am going to be like in,5,2026-05-05,CBE,Google Play,POSITIVE,0.9997941851615906,thanks you so much  okay i am going to be like in,Other
Best ever,1,2026-05-05,CBE,Google Play,POSITIVE,0.999841570854187,best ever,Other
features በጣም ወድጄዋለሁ ነገር ግን አንድ ችግር አይቼዋለሁ ።APPU DELETE በሆነ ጊዜ ቅርንጫፍ ማመላለሱና MB APPLICATION FORMAT ላይ በየጊዜው መፈረሙ አንድ ለባንኩ ወጪ ነው ሁለት ለደንበኞች Inconvenience ይፈጥራል አስተካክሉ,4,2026-05-05,CBE,Google Play,NEGATIVE,0.9980064034461976,features        appu delete     mb application format          inconvenience  ,Other
best,5,2026-05-05,CBE,Google Play,POSITIVE,0.9997941851615906,best,Other
goood g,5,2026-05-05,CBE,Google Play,NEGATIVE,0.9891290664672852,goood g,Other
I like so much,5,2026-05-05,CBE,Google Play,POSITIVE,0.9998633861541748,i like so much,Other
This app has never been efficient at all,1,2026-05-04,CBE,Google Play,NEGATIVE,0.9997796416282654,this app has never been efficient at all,Other
nice app.,5,2026-05-04,CBE,Google Play,POSITIVE,0.9998321533203124,nice app,Other
"While the option to create or cancel standing orders has been added, it is not functional. Similarly, adding a new beneficiary is also not working. Please fix.",2,2026-05-04,CBE,Google Play,NEGATIVE,0.9998015761375428,while the option to create or cancel standing orders has been added it is not functional similarly adding a new beneficiary is also not working please fix,Other
Wonderful App ❤️❤️❤️ I love it,5,2026-05-04,CBE,Google Play,POSITIVE,0.9998841285705566,wonderful app  i love it,Other
i like it,5,2026-05-04,CBE,Google Play,POSITIVE,0.99985933303833,i like it,Other
best,4,2026-05-04,CBE,Google Play,POSITIVE,0.9997941851615906,best,Other
vary good app,5,2026-05-04,CBE,Google Play,POSITIVE,0.9998146891593932,vary good app,Other
good,5,2026-05-04,CBE,Google Play,POSITIVE,0.999816119670868,good,Other
nice,5,2026-05-03,CBE,Google Play,POSITIVE,0.9998552799224854,nice,Other
easy to use but hard to find easily,4,2026-05-03,CBE,Google Play,NEGATIVE,0.988560140132904,easy to use but hard to find easily,UI
fixed problem,4,2026-05-03,CBE,Google Play,NEGATIVE,0.9913551211357116,fixed problem,Other
በእውነት የሚገርም app ነው ነገሮችን ሁሉ ቀለል ያደርጋል,5,2026-05-03,CBE,Google Play,NEGATIVE,0.9388996958732604,  app     ,Other
good,5,2026-05-03,CBE,Google Play,POSITIVE,0.999816119670868,good,Other
best app,5,2026-05-03,CBE,Google Play,POSITIVE,0.999686598777771,best app,Other
Good Application,5,2026-05-02,CBE,Google Play,POSITIVE,0.999854564666748,good application,Other
Good app,1,2026-05-02,CBE,Google Play,POSITIVE,0.9998493194580078,good app,Other
መስተካከል አለብት ብዩ አስታየት የም ሰጠው አካውንንት በስም ሲፈለግ mr ብሎ ቀጣይ ስም ለመፃፍ እስፔስም አይፈቅድ ቀጣዩ ፊደልም ሲፃፍ አይፅፍም ይሄ ቢስተካከል ይበልጥ ቀላል የረገዋል ብዩ አስበለው,4,2026-05-02,CBE,Google Play,NEGATIVE,0.9670157432556152,         mr                 ,Other
why it alaways asked me to update every second when I log in.,1,2026-05-01,CBE,Google Play,NEGATIVE,0.9971964359283448,why it alaways asked me to update every second when i log in,Other
pls update my cbe mobile banking,5,2026-05-01,CBE,Google Play,NEGATIVE,0.9723127484321594,pls update my cbe mobile banking,Other
good,5,2026-05-01,CBE,Google Play,POSITIVE,0.999816119670868,good,Other
"Easy, secure and user friend",5,2026-05-01,CBE,Google Play,POSITIVE,0.9988741278648376,easy secure and user friend,UI
nice,5,2026-05-01,CBE,Google Play,POSITIVE,0.9998552799224854,nice,Other
hiote tegayede,5,2026-05-01,CBE,Google Play,POSITIVE,0.8946158289909363,hiote tegayede,Other
misraqe,1,2026-04-30,CBE,Google Play,NEGATIVE,0.9931067824363708,misraqe,Other
excellent app,5,2026-04-30,CBE,Google Play,POSITIVE,0.9998356103897096,excellent app,Other
usefull app,5,2026-04-30,CBE,Google Play,POSITIVE,0.9953721165657043,usefull app,Other
nice bank,4,2026-04-30,CBE,Google Play,POSITIVE,0.999805510044098,nice bank,Other
good 👍,5,2026-04-30,CBE,Google Play,POSITIVE,0.9998576641082764,good ,Other
it's no functional problem,5,2026-04-30,CBE,Google Play,NEGATIVE,0.9982454776763916,its no functional problem,Other
Tamam Yunus Guddata,5,2026-04-30,CBE,Google Play,NEGATIVE,0.9828091263771056,tamam yunus guddata,Other
good,5,2026-04-30,CBE,Google Play,POSITIVE,0.999816119670868,good,Other
It's not working after the update it doesn't open at all,1,2026-04-30,CBE,Google Play,NEGATIVE,0.9997859597206116,its not working after the update it doesnt open at all,Other
nice,5,2026-04-29,CBE,Google Play,POSITIVE,0.9998552799224854,nice,Other
excellent app,5,2026-04-29,CBE,Google Play,POSITIVE,0.9998356103897096,excellent app,Other
Good,5,2026-04-29,CBE,Google Play,POSITIVE,0.999816119670868,good,Other
CBE not compare to others,5,2026-04-29,CBE,Google Play,NEGATIVE,0.916875660419464,cbe not compare to others,Other
good,5,2026-04-29,CBE,Google Play,POSITIVE,0.999816119670868,good,Other
nice app thanks,5,2026-04-29,CBE,Google Play,POSITIVE,0.9998416900634766,nice app thanks,Other
Great,5,2026-04-29,CBE,Google Play,POSITIVE,0.9998630285263062,great,Other
good service,5,2026-04-29,CBE,Google Play,POSITIVE,0.9998499155044556,good service,Other
"It is so good,and easy to use.",5,2026-04-28,CBE,Google Play,POSITIVE,0.9998791217803956,it is so goodand easy to use,UI
great app,5,2026-04-28,CBE,Google Play,POSITIVE,0.999821126461029,great app,Other
update is not downgrade. its literally not working,1,2026-04-28,CBE,Google Play,NEGATIVE,0.993617296218872,update is not downgrade its literally not working,Other
Please consider optimizing the app for Huawei Mobile Services (HMS). It doesn't work after the update.,1,2026-04-28,CBE,Google Play,NEGATIVE,0.9996885061264038,please consider optimizing the app for huawei mobile services hms it doesnt work after the update,Other
please use the cute ui as a professional developer,3,2026-04-28,CBE,Google Play,POSITIVE,0.9969793558120728,please use the cute ui as a professional developer,Other
Daily Of the day Transfer Limit Restriction If there wasn't If it didn't have Very Extremely Happy We would be.,4,2026-04-28,CBE,Google Play,NEGATIVE,0.9949807524681092,daily of the day transfer limit restriction if there wasnt if it didnt have very extremely happy we would be,Transfer
best,5,2026-04-28,CBE,Google Play,POSITIVE,0.9997941851615906,best,Other
Amazing,5,2026-04-28,CBE,Google Play,POSITIVE,0.999875545501709,amazing,Other
it's better than before,4,2026-04-28,CBE,Google Play,POSITIVE,0.9998137354850768,its better than before,Other
worst apk for a big bank,1,2026-04-28,CBE,Google Play,NEGATIVE,0.9997958540916444,worst apk for a big bank,Other
doesn't work properly with safaricom network.,1,2026-04-28,CBE,Google Play,NEGATIVE,0.999765694141388,doesnt work properly with safaricom network,Other
"The app forcefully made me an update, since then every time I try to make a payment it keeps bugging and failing non stop. please fix that . this is a big company not a start up .",1,2026-04-28,CBE,Google Play,NEGATIVE,0.9995286464691162,the app forcefully made me an update since then every time i try to make a payment it keeps bugging and failing non stop please fix that  this is a big company not a start up ,Transfer
good,5,2026-04-28,CBE,Google Play,POSITIVE,0.999816119670868,good,Other
I found that when i am using safaricom network the app keeps crashing a lot and not working and as soon as i change the network it will work smoothly so make is a lot compatible with the safaricom network service.,3,2026-04-28,CBE,Google Play,POSITIVE,0.9555947184562684,i found that when i am using safaricom network the app keeps crashing a lot and not working and as soon as i change the network it will work smoothly so make is a lot compatible with the safaricom network service,Performance
go ahead,5,2026-04-28,CBE,Google Play,POSITIVE,0.999769389629364,go ahead,Other
nice,5,2026-04-27,CBE,Google Play,POSITIVE,0.9998552799224854,nice,Other
i like it,5,2026-04-27,CBE,Google Play,POSITIVE,0.99985933303833,i like it,Other
ok,5,2026-04-27,CBE,Google Play,POSITIVE,0.9997851252555848,ok,Other
Good,5,2026-04-27,CBE,Google Play,POSITIVE,0.999816119670868,good,Other
cbe mobile app best app,5,2026-04-27,CBE,Google Play,POSITIVE,0.998684823513031,cbe mobile app best app,Other
"easy for use,and good privacy",4,2026-04-27,CBE,Google Play,POSITIVE,0.999478042125702,easy for useand good privacy,UI
amazing,5,2026-04-27,CBE,Google Play,POSITIVE,0.999875545501709,amazing,Other
i really judged this app. 99% were profit exclusive for others only with organization benefit.,1,2026-04-27,CBE,Google Play,NEGATIVE,0.9830779433250428,i really judged this app  were profit exclusive for others only with organization benefit,Other
unable to use it is not performed well,1,2026-04-27,CBE,Google Play,NEGATIVE,0.9997864365577698,unable to use it is not performed well,Other
ወከቀቀ,5,2026-04-26,CBE,Google Play,NEGATIVE,0.6970561742782593,,Other
Nice,5,2026-04-26,CBE,Google Play,POSITIVE,0.9998552799224854,nice,Other
This app is very good and helpful I am Happy working with cbe mobile banking tanx all members and I am ready invite all my family and friends ❤️,5,2026-04-26,CBE,Google Play,POSITIVE,0.9998387098312378,this app is very good and helpful i am happy working with cbe mobile banking tanx all members and i am ready invite all my family and friends ,Other
Samsung A-5360 is not my device and i did not opened by this,5,2026-04-26,CBE,Google Play,NEGATIVE,0.9985318183898926,samsung a is not my device and i did not opened by this,Other
notwork totransferto other,1,2026-04-26,CBE,Google Play,NEGATIVE,0.9960225820541382,notwork totransferto other,Transfer
good,5,2026-04-26,CBE,Google Play,POSITIVE,0.999816119670868,good,Other
የCommercial Bank of Ethiopia ሞባይል ባንኪንግ አገልግሎት በአጠቃላይ ጠቃሚ ነው፣ ግን አንድ ችግር አጋጥሞኛል። የሂሳብ ቁጥር በምናስገባበት ሳጥን ላይ “Mr” ወይም “Mrs” ከሚለው ቀጥሎ ያለውን ስም ለማስገባት ስፔስ (space) መጠቀም አይቻልም። ይህ ተጠቃሚዎችን ስም ትክክለኛ ለማስገባት እንዲቸገሩ ያደርጋል። እባክዎ በዚህ ክፍል ስፔስ መጠቀም እንዲቻል ወይም የስም መሙያ ስርዓቱን እንዲሻሻል ቢያደርጉ በጣም ጥሩ ይሆናል።,4,2026-04-26,CBE,Google Play,NEGATIVE,0.9334600567817688,commercial bank of ethiopia                mr  mrs       space                        ,Other
🫶👍🙏,5,2026-04-26,CBE,Google Play,NEGATIVE,0.6970561742782593,,Other
ok,5,2026-04-26,CBE,Google Play,POSITIVE,0.9997851252555848,ok,Other
good,5,2026-04-25,CBE,Google Play,POSITIVE,0.999816119670868,good,Other
I am very comfortable because we can easily access various transfer services that we used to have to go to the bank.,5,2026-04-25,CBE,Google Play,POSITIVE,0.9990236759185792,i am very comfortable because we can easily access various transfer services that we used to have to go to the bank,Login
ok,5,2026-04-25,CBE,Google Play,POSITIVE,0.9997851252555848,ok,Other
good app,5,2026-04-25,CBE,Google Play,POSITIVE,0.9998493194580078,good app,Other
i am so happy,5,2026-04-25,CBE,Google Play,POSITIVE,0.9998812675476074,i am so happy,Other
The recent update is trash. I couldn't refresh the page. It's not even trying to sync. Please fix the bug and release a clean version.,1,2026-04-25,CBE,Google Play,NEGATIVE,0.9996129870414734,the recent update is trash i couldnt refresh the page its not even trying to sync please fix the bug and release a clean version,Other
good job,5,2026-04-25,CBE,Google Play,POSITIVE,0.999835729598999,good job,Other
I'm from Ethiopia and proud of CBE service app.,5,2026-04-25,CBE,Google Play,POSITIVE,0.9996950626373292,im from ethiopia and proud of cbe service app,Other
I am successful with app,5,2026-04-25,CBE,Google Play,POSITIVE,0.9998397827148438,i am successful with app,Other
everything is boaring the previous one is good,1,2026-04-25,CBE,Google Play,POSITIVE,0.999785840511322,everything is boaring the previous one is good,Other
best,5,2026-04-25,CBE,Google Play,POSITIVE,0.9997941851615906,best,Other
good,5,2026-04-24,CBE,Google Play,POSITIVE,0.999816119670868,good,Other
good app but it needs more languages do it with more than four languages,5,2026-04-24,CBE,Google Play,NEGATIVE,0.9735730290412904,good app but it needs more languages do it with more than four languages,Other
good work,5,2026-04-24,CBE,Google Play,POSITIVE,0.999841332435608,good work,Other
ok,5,2026-04-24,CBE,Google Play,POSITIVE,0.9997851252555848,ok,Other
wow app.The developers make improvements every time.,5,2026-04-24,CBE,Google Play,POSITIVE,0.999669313430786,wow appthe developers make improvements every time,Other
nice and perfect,5,2026-04-24,CBE,Google Play,POSITIVE,0.9998654127120972,nice and perfect,Other
best experience,5,2026-04-24,CBE,Google Play,POSITIVE,0.9996858835220336,best experience,Other
the best,5,2026-04-24,CBE,Google Play,POSITIVE,0.9998332262039183,the best,Other
What's wrong after i update the app unable to open,1,2026-04-24,CBE,Google Play,NEGATIVE,0.9997888207435608,whats wrong after i update the app unable to open,Other
nice,5,2026-04-24,CBE,Google Play,POSITIVE,0.9998552799224854,nice,Other
👍👍it is good. pls Hide the amount that appear on the top when we need to transfer🙏,1,2026-04-24,CBE,Google Play,POSITIVE,0.99936443567276,it is good pls hide the amount that appear on the top when we need to transfer,Transfer
not sure at the moment,3,2026-04-24,CBE,Google Play,NEGATIVE,0.99964439868927,not sure at the moment,Other
Good,5,2026-04-24,CBE,Google Play,POSITIVE,0.999816119670868,good,Other
it's the best app i have every seen it is fast and securty,5,2026-04-24,CBE,Google Play,POSITIVE,0.99800306558609,its the best app i have every seen it is fast and securty,Other
Useful apps,5,2026-04-24,CBE,Google Play,POSITIVE,0.9994015693664552,useful apps,Other
easy to use,5,2026-04-24,CBE,Google Play,POSITIVE,0.9988542795181274,easy to use,UI
waw,4,2026-04-24,CBE,Google Play,NEGATIVE,0.7346187829971313,waw,Other
"This app used to work well, but now it constantly shows an error saying it can’t load my accounts and tells me to visit a branch. I’m not even in the country, so that’s not possible. The app has frequent issues and needs better reliability and remote support options.",2,2026-04-24,CBE,Google Play,NEGATIVE,0.99909508228302,this app used to work well but now it constantly shows an error saying it cant load my accounts and tells me to visit a branch im not even in the country so thats not possible the app has frequent issues and needs better reliability and remote support options,Other
Very good,5,2026-04-23,CBE,Google Play,POSITIVE,0.9998520612716676,very good,Other
አዲሱ ገጽታው በጣም ያስጠላል። ለአይን ይከብዳል። ወደነበረበት ብትመልሱት።,1,2026-04-23,CBE,Google Play,NEGATIVE,0.9445853233337402,       ,Other
I like it but sometimes there is a system error,4,2026-04-23,CBE,Google Play,NEGATIVE,0.99905663728714,i like it but sometimes there is a system error,Other
good,5,2026-04-23,CBE,Google Play,POSITIVE,0.999816119670868,good,Other
"the app keeps asking for update, even after being updated",3,2026-04-23,CBE,Google Play,NEGATIVE,0.9912922978401184,the app keeps asking for update even after being updated,Other
"This application was not that great, and its performance has unfortunately declined further. For the past week, I have been unable to access my balance or transfer funds. This situation is causing considerable concern and inconvenience, as I cannot access my money in a timely manner. This has resulted in late payments and a loss of confidence and trust. Furthermore, I have not received a response to my message to the customer support team",1,2026-04-23,CBE,Google Play,NEGATIVE,0.9997740387916564,this application was not that great and its performance has unfortunately declined further for the past week i have been unable to access my balance or transfer funds this situation is causing considerable concern and inconvenience as i cannot access my money in a timely manner this has resulted in late payments and a loss of confidence and trust furthermore i have not received a response to my message to the customer support team,Login
like,5,2026-04-23,CBE,Google Play,POSITIVE,0.9910564422607422,like,Other
Good !,3,2026-04-23,CBE,Google Play,POSITIVE,0.9998268485069276,good ,Other
very good cbe app,5,2026-04-23,CBE,Google Play,POSITIVE,0.9998026490211488,very good cbe app,Other
tel birr,5,2026-04-23,CBE,Google Play,NEGATIVE,0.9480341076850892,tel birr,Other
halaba kuleto,5,2026-04-23,CBE,Google Play,NEGATIVE,0.6842421889305115,halaba kuleto,Other
best app ever,5,2026-04-23,CBE,Google Play,POSITIVE,0.9997491240501404,best app ever,Other
it's good app for ease of access mobile banking transaction and use our time properly!,5,2026-04-22,CBE,Google Play,POSITIVE,0.999681830406189,its good app for ease of access mobile banking transaction and use our time properly,Login
"pls make an option fingerprint Biometric payment only, it's fast and secure to pay",4,2026-04-22,CBE,Google Play,POSITIVE,0.9271591901779176,pls make an option fingerprint biometric payment only its fast and secure to pay,Transfer
በጣም ቀላልና ፈጣን ለመጠቀም ወድጀዋለሁ,5,2026-04-22,CBE,Google Play,NEGATIVE,0.8832126259803772,    ,Other
I love this up to much eollahi,5,2026-04-22,CBE,Google Play,POSITIVE,0.9998741149902344,i love this up to much eollahi,Other
I hope this bank have excellent Mobile app but still not easy and not working in holidays why,4,2026-04-22,CBE,Google Play,NEGATIVE,0.9942612648010254,i hope this bank have excellent mobile app but still not easy and not working in holidays why,UI
best,5,2026-04-22,CBE,Google Play,POSITIVE,0.9997941851615906,best,Other
"It's a great, easy-to-use, very convenient and secure app.",5,2026-04-22,CBE,Google Play,POSITIVE,0.99966561794281,its a great easytouse very convenient and secure app,UI
Good Job,5,2026-04-22,CBE,Google Play,POSITIVE,0.999835729598999,good job,Other
Best app.,5,2026-04-22,CBE,Google Play,POSITIVE,0.999774158000946,best app,Other
it's so use full and secure 👍💪👌,5,2026-04-22,CBE,Google Play,NEGATIVE,0.518190324306488,its so use full and secure ,Other
"there should be atm voucher access included , and also the app crash sometimes .",1,2026-04-22,CBE,Google Play,NEGATIVE,0.9989251494407654,there should be atm voucher access included  and also the app crash sometimes ,Performance
ok,1,2026-04-22,CBE,Google Play,POSITIVE,0.9997851252555848,ok,Other
"The app has some issues we need to have a place where we save our contacts where we usually send money to, after update I keep loosing all the important accounts.Also user needs to configure their notification types we want to receive either by email ,SMS or both. right now I don't get any notifications when I receive funds from companies.",1,2026-04-22,CBE,Google Play,NEGATIVE,0.998993456363678,the app has some issues we need to have a place where we save our contacts where we usually send money to after update i keep loosing all the important accountsalso user needs to configure their notification types we want to receive either by email sms or both right now i dont get any notifications when i receive funds from companies,Transfer
after the the recent update the app not responding. even transfer to telebirr isn't working.,1,2026-04-22,CBE,Google Play,NEGATIVE,0.999705135822296,after the the recent update the app not responding even transfer to telebirr isnt working,Transfer
Need more additional future include for now it's not bad,1,2026-04-22,CBE,Google Play,POSITIVE,0.994413435459137,need more additional future include for now its not bad,Other
I don't like. I can't make transfer to my own telebirr,1,2026-04-22,CBE,Google Play,NEGATIVE,0.9984122514724731,i dont like i cant make transfer to my own telebirr,Transfer
lag and stack not quick response 😞😞,2,2026-04-22,CBE,Google Play,NEGATIVE,0.998582363128662,lag and stack not quick response ,Performance
it good. to get services,5,2026-04-22,CBE,Google Play,POSITIVE,0.9998569488525392,it good to get services,Other
good,5,2026-04-22,CBE,Google Play,POSITIVE,0.999816119670868,good,Other
Number One App,5,2026-04-22,CBE,Google Play,POSITIVE,0.9983179569244384,number one app,Other
is good,5,2026-04-22,CBE,Google Play,POSITIVE,0.9998394250869752,is good,Other
this secure app of all Ethiopia mobile banking ever.,5,2026-04-22,CBE,Google Play,POSITIVE,0.9989427924156188,this secure app of all ethiopia mobile banking ever,Other
perfect app,5,2026-04-22,CBE,Google Play,POSITIVE,0.9998340606689452,perfect app,Other
owww cbe,5,2026-04-22,CBE,Google Play,POSITIVE,0.9705929756164552,owww cbe,Other
"Very secured, fast and favourable",5,2026-04-22,CBE,Google Play,POSITIVE,0.999854326248169,very secured fast and favourable,Other
very nice 👌,5,2026-04-21,CBE,Google Play,POSITIVE,0.999857783317566,very nice ,Other
اليش يتعخر معرف والله,5,2026-04-21,CBE,Google Play,NEGATIVE,0.589055061340332,   ,Other
good application 💯💯💯.,5,2026-04-21,CBE,Google Play,POSITIVE,0.9998037219047546,good application ,Other
best,5,2026-04-21,CBE,Google Play,POSITIVE,0.9997941851615906,best,Other
ok,5,2026-04-21,CBE,Google Play,POSITIVE,0.9997851252555848,ok,Other
good app,5,2026-04-21,CBE,Google Play,POSITIVE,0.9998493194580078,good app,Other
good,4,2026-04-21,CBE,Google Play,POSITIVE,0.999816119670868,good,Other
Nice App,5,2026-04-21,CBE,Google Play,POSITIVE,0.9998061060905457,nice app,Other
it cost us a lot just by transfer and in other way not fair,1,2026-04-21,CBE,Google Play,NEGATIVE,0.9993299245834352,it cost us a lot just by transfer and in other way not fair,Transfer
Great app,5,2026-04-21,CBE,Google Play,POSITIVE,0.999821126461029,great app,Other
Interesting app,5,2026-04-21,CBE,Google Play,POSITIVE,0.9996960163116456,interesting app,Other
"i didn't get feed back through message ,Why so?",5,2026-04-21,CBE,Google Play,NEGATIVE,0.9988840222358704,i didnt get feed back through message why so,Other
good and fast,5,2026-04-21,CBE,Google Play,POSITIVE,0.9998561143875122,good and fast,Other
"v, good",5,2026-04-21,CBE,Google Play,POSITIVE,0.9998000264167786,v good,Other
very bad experience as its very slow,1,2026-04-20,CBE,Google Play,NEGATIVE,0.9998031258583068,very bad experience as its very slow,Performance
i luv it,5,2026-04-20,CBE,Google Play,POSITIVE,0.9778854250907898,i luv it,Other
Good&fast,5,2026-04-20,CBE,Google Play,POSITIVE,0.9998668432235718,goodfast,Other
good,5,2026-04-20,CBE,Google Play,POSITIVE,0.999816119670868,good,Other
good,5,2026-04-19,CBE,Google Play,POSITIVE,0.999816119670868,good,Other
የጣት አሻራ አገልግሎት አላገኘሁም። አጠቃቀሙ ጠፍቶኝ ይሆን?,4,2026-04-19,CBE,Google Play,NEGATIVE,0.9681780338287354,      ,Other
Rtgs limit very small,3,2026-04-19,CBE,Google Play,NEGATIVE,0.9604359269142152,rtgs limit very small,Other
"Trasaction history not sorted in time basis, besides the hilight transaction and its details which is found by clicking the highht transaction are diffrent. Generally, the tansaction history page has a critical problem",3,2026-04-19,CBE,Google Play,NEGATIVE,0.999626874923706,trasaction history not sorted in time basis besides the hilight transaction and its details which is found by clicking the highht transaction are diffrent generally the tansaction history page has a critical problem,Transfer
good job,5,2026-04-19,CBE,Google Play,POSITIVE,0.999835729598999,good job,Other
best bank for Android application form market place and key number,5,2026-04-19,CBE,Google Play,POSITIVE,0.967107594013214,best bank for android application form market place and key number,Other
i like cbe service,5,2026-04-19,CBE,Google Play,POSITIVE,0.9947469830513,i like cbe service,Other
አሪፍ ነው,4,2026-04-18,CBE,Google Play,NEGATIVE,0.7850580811500549, ,Other
it is the best application in the Ethiopia I like it this,5,2026-04-18,CBE,Google Play,POSITIVE,0.9998393058776855,it is the best application in the ethiopia i like it this,Other
super spp,5,2026-04-18,CBE,Google Play,POSITIVE,0.5455182194709778,super spp,Other
I have 1 year and thank you for yo ur genuine service,5,2026-04-18,CBE,Google Play,POSITIVE,0.9996104836463928,i have  year and thank you for yo ur genuine service,Other
ካየህዋቸው ተመሳሳይ መተግበርያዎች በጣም ጥሩ መተግበርያ ነው,4,2026-04-18,CBE,Google Play,NEGATIVE,0.920040488243103,      ,Other
excellent,5,2026-04-18,CBE,Google Play,POSITIVE,0.9998434782028198,excellent,Other
Excellent,5,2026-04-18,CBE,Google Play,POSITIVE,0.9998434782028198,excellent,Other
"im having a terrible experience with this app, im getting 'unable to connect' error, this happened for a while now and they didnt fix it, it is so unreliable in times i need it that i have to resort to using ussd code instead of it. please fix this issue",1,2026-04-17,CBE,Google Play,NEGATIVE,0.9997150301933287,im having a terrible experience with this app im getting unable to connect error this happened for a while now and they didnt fix it it is so unreliable in times i need it that i have to resort to using ussd code instead of it please fix this issue,Other
Absolute garbage,1,2026-04-17,CBE,Google Play,NEGATIVE,0.9997928738594056,absolute garbage,Other
CBE does not offer anything international.,3,2026-04-17,CBE,Google Play,NEGATIVE,0.9994158744812012,cbe does not offer anything international,Other
korsa,5,2026-04-17,CBE,Google Play,POSITIVE,0.941900074481964,korsa,Other
its good,5,2026-04-17,CBE,Google Play,POSITIVE,0.9998385906219482,its good,Other
very nice app,5,2026-04-16,CBE,Google Play,POSITIVE,0.9998562335968018,very nice app,Other
nice app,5,2026-04-16,CBE,Google Play,POSITIVE,0.9998061060905457,nice app,Other
ok,5,2026-04-16,CBE,Google Play,POSITIVE,0.9997851252555848,ok,Other
it looks fantasy,5,2026-04-16,CBE,Google Play,POSITIVE,0.9888854026794434,it looks fantasy,Other
it's best app to use recently and upgraded day to day for internationalization,5,2026-04-16,CBE,Google Play,POSITIVE,0.99834942817688,its best app to use recently and upgraded day to day for internationalization,Other
it is more convenient app,5,2026-04-16,CBE,Google Play,NEGATIVE,0.8680288195610046,it is more convenient app,Other
gooooodddd.....,5,2026-04-15,CBE,Google Play,NEGATIVE,0.9880051016807556,gooooodddd,Other
This is app is not fast and not working well in all android phone. eg it is not functioning well using one plus phone.,1,2026-04-15,CBE,Google Play,NEGATIVE,0.9997861981391908,this is app is not fast and not working well in all android phone eg it is not functioning well using one plus phone,Other
Factory reset made me to lose my pin to login to my account!,5,2026-04-15,CBE,Google Play,NEGATIVE,0.999756395816803,factory reset made me to lose my pin to login to my account,Login
keeps on saying bucket override when I try to pay henon school fee,2,2026-04-15,CBE,Google Play,NEGATIVE,0.9965877532958984,keeps on saying bucket override when i try to pay henon school fee,Other
"life longe bank CBE , Save & change your life.",5,2026-04-15,CBE,Google Play,POSITIVE,0.9976091384887696,life longe bank cbe  save  change your life,Performance
ok,5,2026-04-15,CBE,Google Play,POSITIVE,0.9997851252555848,ok,Other
good,5,2026-04-15,CBE,Google Play,POSITIVE,0.999816119670868,good,Other
does not working well,5,2026-04-15,CBE,Google Play,NEGATIVE,0.9997747540473938,does not working well,Other
it's v good app sometimes there is a problem on other bank transfers,4,2026-04-15,CBE,Google Play,NEGATIVE,0.9923245906829834,its v good app sometimes there is a problem on other bank transfers,Transfer
pls speedup for quick uses,5,2026-04-14,CBE,Google Play,NEGATIVE,0.6067640781402588,pls speedup for quick uses,Other
"before, it was nice. now it does not work and crash automatically",2,2026-04-14,CBE,Google Play,NEGATIVE,0.9990578293800354,before it was nice now it does not work and crash automatically,Performance
Pls facilitate transfer to telebirr agent,3,2026-04-14,CBE,Google Play,NEGATIVE,0.9452366828918456,pls facilitate transfer to telebirr agent,Transfer
sestemaa siresun osoo manaa banki hindemne namnii barbade national id isa fayadamee osoo banachun danda'ame bayye nammati tola live event qabate,3,2026-04-13,CBE,Google Play,NEGATIVE,0.9795665144920348,sestemaa siresun osoo manaa banki hindemne namnii barbade national id isa fayadamee osoo banachun dandaame bayye nammati tola live event qabate,Other
I customer for commercial bank of Ethiopia I trade,5,2026-04-13,CBE,Google Play,NEGATIVE,0.9372625946998596,i customer for commercial bank of ethiopia i trade,Other
it's has an issue,1,2026-04-13,CBE,Google Play,POSITIVE,0.9217185974121094,its has an issue,Other
good,5,2026-04-13,CBE,Google Play,POSITIVE,0.999816119670868,good,Other
nice,5,2026-04-13,CBE,Google Play,POSITIVE,0.9998552799224854,nice,Other
accessibility need to be taken seriously. There are people excluded because of inaccessible apps.,3,2026-04-13,CBE,Google Play,NEGATIVE,0.9503915309906006,accessibility need to be taken seriously there are people excluded because of inaccessible apps,Login
"This application was not that great, and its performance has unfortunately declined further. For the past week, I have been unable to access my balance or transfer funds. This situation is causing considerable concern and inconvenience, as I cannot access my money in a timely manner. This has resulted in late payments and a loss of confidence and trust. Furthermore, I have not received a response to my message to the customer support team.",1,2026-04-12,CBE,Google Play,NEGATIVE,0.9997742772102356,this application was not that great and its performance has unfortunately declined further for the past week i have been unable to access my balance or transfer funds this situation is causing considerable concern and inconvenience as i cannot access my money in a timely manner this has resulted in late payments and a loss of confidence and trust furthermore i have not received a response to my message to the customer support team,Login
🤙,5,2026-04-12,CBE,Google Play,NEGATIVE,0.6970561742782593,,Other
I can't download this app please assist how it can be downloaded,1,2026-04-12,CBE,Google Play,NEGATIVE,0.9936169385910034,i cant download this app please assist how it can be downloaded,Other
"my favorite so far, but, how come we are not able to download the app and fix our problem ourselves? it is not fair to go to the bank and fix it for you? please think about it. Thank you",5,2026-04-11,CBE,Google Play,POSITIVE,0.8537614941596985,my favorite so far but how come we are not able to download the app and fix our problem ourselves it is not fair to go to the bank and fix it for you please think about it thank you,Other
lulit tukka giro,5,2026-04-11,CBE,Google Play,POSITIVE,0.8195421695709229,lulit tukka giro,Other
Enough good even it hasn't transferring for other telebirr users,5,2026-04-11,CBE,Google Play,POSITIVE,0.9993717074394226,enough good even it hasnt transferring for other telebirr users,Transfer
not good not bad.,3,2026-04-11,CBE,Google Play,POSITIVE,0.9955518841743468,not good not bad,Other
easy fast helpful for our business,5,2026-04-11,CBE,Google Play,POSITIVE,0.9969444870948792,easy fast helpful for our business,UI
good,5,2026-04-11,CBE,Google Play,POSITIVE,0.999816119670868,good,Other
bad strresing,1,2026-04-11,CBE,Google Play,NEGATIVE,0.9997972846031188,bad strresing,Other
cool,5,2026-04-11,CBE,Google Play,POSITIVE,0.9998509883880616,cool,Other
100%100 Fast and Amazing app !! 🏆🏆🏆🏆🏆🏆🏆🏆 💞🌷🇪🇹,5,2026-04-10,CBE,Google Play,POSITIVE,0.9997475743293762, fast and amazing app   ,Other
Not that happy at this app,3,2026-04-10,CBE,Google Play,NEGATIVE,0.999756395816803,not that happy at this app,Other
Best,5,2026-04-10,CBE,Google Play,POSITIVE,0.9997941851615906,best,Other
crush alot,1,2026-04-10,CBE,Google Play,NEGATIVE,0.9995573163032532,crush alot,Other
itii fayadamaa namaa fayadaa kuniin,5,2026-04-10,CBE,Google Play,NEGATIVE,0.9859265089035034,itii fayadamaa namaa fayadaa kuniin,Other
good app,5,2026-04-09,CBE,Google Play,POSITIVE,0.9998493194580078,good app,Other
good,5,2026-04-09,CBE,Google Play,POSITIVE,0.999816119670868,good,Other
Musxafaa,5,2026-04-09,CBE,Google Play,NEGATIVE,0.9952422380447388,musxafaa,Other
well expriences,5,2026-04-09,CBE,Google Play,POSITIVE,0.9049556851387024,well expriences,Other
great 👍,5,2026-04-09,CBE,Google Play,POSITIVE,0.9997692704200744,great ,Other
I had good time with CBE,5,2026-04-09,CBE,Google Play,POSITIVE,0.9998478889465332,i had good time with cbe,Other
crashes every time you need to update this app ASAP.. i will be changing bank if tjis continues,1,2026-04-09,CBE,Google Play,NEGATIVE,0.9992732405662536,crashes every time you need to update this app asap i will be changing bank if tjis continues,Performance
Good,5,2026-04-09,CBE,Google Play,POSITIVE,0.999816119670868,good,Other
easy and fast,5,2026-04-08,CBE,Google Play,POSITIVE,0.9995583891868592,easy and fast,UI
very nice,5,2026-04-08,CBE,Google Play,POSITIVE,0.9998563528060912,very nice,Other
its good,5,2026-04-08,CBE,Google Play,POSITIVE,0.9998385906219482,its good,Other
this app is very good,5,2026-04-08,CBE,Google Play,POSITIVE,0.9998623132705688,this app is very good,Other
በጣም ጥሩ ነው,4,2026-04-08,CBE,Google Play,NEGATIVE,0.8337249755859375,  ,Other
deduction but no transaction. not good,3,2026-04-08,CBE,Google Play,NEGATIVE,0.9997362494468688,deduction but no transaction not good,Transfer
Easy to use and reliable.,5,2026-04-07,CBE,Google Play,POSITIVE,0.9997798800468444,easy to use and reliable,UI
difficult to see our transactions after aweek,1,2026-04-07,CBE,Google Play,NEGATIVE,0.999567449092865,difficult to see our transactions after aweek,Transfer
👍👍,5,2026-04-07,CBE,Google Play,NEGATIVE,0.6970561742782593,,Other
nice,1,2026-04-07,CBE,Google Play,POSITIVE,0.9998552799224854,nice,Other
Good bank,5,2026-04-07,CBE,Google Play,POSITIVE,0.9998420476913452,good bank,Other
swift,5,2026-04-07,CBE,Google Play,POSITIVE,0.9991281628608704,swift,Other
best,5,2026-04-07,CBE,Google Play,POSITIVE,0.9997941851615906,best,Other
it is wel,5,2026-04-07,CBE,Google Play,POSITIVE,0.9836228489875792,it is wel,Other
nice,4,2026-04-06,CBE,Google Play,POSITIVE,0.9998552799224854,nice,Other
fully functional greate application it makes payment and transaction easier,5,2026-04-06,CBE,Google Play,POSITIVE,0.9978688955307008,fully functional greate application it makes payment and transaction easier,Transfer
it's best for everyone,5,2026-04-06,CBE,Google Play,POSITIVE,0.9998076558113098,its best for everyone,Other
good,5,2026-04-06,CBE,Google Play,POSITIVE,0.999816119670868,good,Other
good jobs,5,2026-04-06,CBE,Google Play,POSITIVE,0.9998511075973512,good jobs,Other
am happy using it.But why does it need continuous updates?,5,2026-04-06,CBE,Google Play,NEGATIVE,0.9802243709564208,am happy using itbut why does it need continuous updates,Other
Good job,5,2026-04-06,CBE,Google Play,POSITIVE,0.999835729598999,good job,Other
good,5,2026-04-05,CBE,Google Play,POSITIVE,0.999816119670868,good,Other
wow,5,2026-04-05,CBE,Google Play,POSITIVE,0.999592125415802,wow,Other
good 👍,5,2026-04-05,CBE,Google Play,POSITIVE,0.9998576641082764,good ,Other
Thank you for your service.,1,2026-04-05,CBE,Google Play,POSITIVE,0.9998093247413636,thank you for your service,Other
nice,5,2026-04-05,CBE,Google Play,POSITIVE,0.9998552799224854,nice,Other
WOW!,4,2026-04-04,CBE,Google Play,POSITIVE,0.999649167060852,wow,Other
i have more experience,5,2026-04-04,CBE,Google Play,POSITIVE,0.9620587825775146,i have more experience,Other
good,5,2026-04-04,CBE,Google Play,POSITIVE,0.999816119670868,good,Other
i like this app,5,2026-04-04,CBE,Google Play,POSITIVE,0.9996516704559326,i like this app,Other
I love this app,5,2026-04-04,CBE,Google Play,POSITIVE,0.9998608827590942,i love this app,Other
it is not working,1,2026-04-04,CBE,Google Play,NEGATIVE,0.9997721314430236,it is not working,Other
the app freezes sometimes and crashing,1,2026-04-04,CBE,Google Play,NEGATIVE,0.9954427480697632,the app freezes sometimes and crashing,Performance
for active payment it's number one chose,5,2026-04-04,CBE,Google Play,POSITIVE,0.99142986536026,for active payment its number one chose,Transfer
"What a nasty Update is this !. May I say 'Events cast their shadow before happenings'. Trust, value, Bank's 'n' Customers' financial property, such like things, at risk once again(the State owned Bank experienced some months ago due to app development issues or some other unknown reasons. Unable to see my own current balance due to a hidden page being displayed, stacked transaction history since March 26th, among others. Is that a Banking app being developed by Professionals ?.",1,2026-04-04,CBE,Google Play,NEGATIVE,0.9994988441467284,what a nasty update is this  may i say events cast their shadow before happenings trust value banks n customers financial property such like things at risk once againthe state owned bank experienced some months ago due to app development issues or some other unknown reasons unable to see my own current balance due to a hidden page being displayed stacked transaction history since march th among others is that a banking app being developed by professionals ,Transfer
Very good Service provider bank,5,2026-04-04,CBE,Google Play,POSITIVE,0.9998120665550232,very good service provider bank,Other
nice app keep it up🤝🤝,5,2026-04-03,CBE,Google Play,POSITIVE,0.9996798038482666,nice app keep it up,Other
very much for your information 👋,5,2026-04-03,CBE,Google Play,POSITIVE,0.99816232919693,very much for your information ,Other
bad👎,1,2026-04-03,CBE,Google Play,NEGATIVE,0.6970561742782593,bad,Other
so nice to me,5,2026-04-03,CBE,Google Play,POSITIVE,0.999841332435608,so nice to me,Other
best,5,2026-04-02,CBE,Google Play,POSITIVE,0.9997941851615906,best,Other
good update,5,2026-04-02,CBE,Google Play,POSITIVE,0.9998435974121094,good update,Other
It's a good improvement. the app,5,2026-04-02,CBE,Google Play,POSITIVE,0.9997755885124208,its a good improvement the app,Other
good,5,2026-04-02,CBE,Google Play,POSITIVE,0.999816119670868,good,Other
Excellent,5,2026-04-02,CBE,Google Play,POSITIVE,0.9998434782028198,excellent,Other
ok,5,2026-04-02,CBE,Google Play,POSITIVE,0.9997851252555848,ok,Other
"This app is very unreliable—slow, frequently crashes, and fails to sync properly. Transactions don’t reflect accurately; I transferred money that was deducted but never received, with no record in recent activity. It often stops working and takes too long to update. Reinstalling doesn’t help. You even have to visit a branch for it to start working, which is unacceptable today. The problem is even worse outside Ethiopia.",1,2026-04-02,CBE,Google Play,NEGATIVE,0.9996652603149414,this app is very unreliableslow frequently crashes and fails to sync properly transactions dont reflect accurately i transferred money that was deducted but never received with no record in recent activity it often stops working and takes too long to update reinstalling doesnt help you even have to visit a branch for it to start working which is unacceptable today the problem is even worse outside ethiopia,Performance
not working,5,2026-04-01,CBE,Google Play,NEGATIVE,0.999777853488922,not working,Other
it's fast and easy nice,5,2026-04-01,CBE,Google Play,POSITIVE,0.999872088432312,its fast and easy nice,UI
Good,1,2026-04-01,CBE,Google Play,POSITIVE,0.999816119670868,good,Other
girms,5,2026-04-01,CBE,Google Play,POSITIVE,0.9923914074897766,girms,Other
"this platform is very useful for exchanging payment ,than *889#(it's slower ).🙏🙏",5,2026-04-01,CBE,Google Play,NEGATIVE,0.996285080909729,this platform is very useful for exchanging payment than its slower ,Performance
best,5,2026-04-01,CBE,Google Play,POSITIVE,0.9997941851615906,best,Other
Good app,5,2026-03-31,CBE,Google Play,POSITIVE,0.9998493194580078,good app,Other
very excellent application the number one bank of Ethiopia thanks,5,2026-03-31,CBE,Google Play,POSITIVE,0.9998600482940674,very excellent application the number one bank of ethiopia thanks,Other
I can't use the app months ago. It stopped working with Mobile data and WiFi. I didn't know the cause. Why this app is not compatible with Android 8?,3,2026-03-31,CBE,Google Play,NEGATIVE,0.9996083378791808,i cant use the app months ago it stopped working with mobile data and wifi i didnt know the cause why this app is not compatible with android ,Other
not working,3,2026-03-31,CBE,Google Play,NEGATIVE,0.999777853488922,not working,Other
"very nice app, but charge more.",5,2026-03-31,CBE,Google Play,POSITIVE,0.9977237582206726,very nice app but charge more,Other
Why mobile Banking is not functional?,2,2026-03-31,CBE,Google Play,NEGATIVE,0.9996395111083984,why mobile banking is not functional,Other
does this app support international transactions,3,2026-03-31,CBE,Google Play,POSITIVE,0.9887037873268129,does this app support international transactions,Transfer
i use CBE almost more than 5 years,3,2026-03-30,CBE,Google Play,NEGATIVE,0.9014225006103516,i use cbe almost more than  years,Other
this app essential app on this time,5,2026-03-30,CBE,Google Play,POSITIVE,0.9950023293495178,this app essential app on this time,Other
"After update not working at all, I live in abroad.",1,2026-03-30,CBE,Google Play,NEGATIVE,0.8973283171653748,after update not working at all i live in abroad,Other
best app,5,2026-03-30,CBE,Google Play,POSITIVE,0.999686598777771,best app,Other
nice,1,2026-03-30,CBE,Google Play,POSITIVE,0.9998552799224854,nice,Other
it is not well functional. It always sluggish and poor application. n Not interested because always straggling .,1,2026-03-30,CBE,Google Play,NEGATIVE,0.9998195767402648,it is not well functional it always sluggish and poor application n not interested because always straggling ,Other
best bank ever,5,2026-03-30,CBE,Google Play,POSITIVE,0.9998133778572084,best bank ever,Other
Pleas allow self service on Mobile banking.,5,2026-03-29,CBE,Google Play,NEGATIVE,0.9784427881240844,pleas allow self service on mobile banking,Other
saved transactions doesn't work properly it doesn't show transactions before a month only shows recent transactions even after I set filter date range,1,2026-03-29,CBE,Google Play,NEGATIVE,0.9966676831245422,saved transactions doesnt work properly it doesnt show transactions before a month only shows recent transactions even after i set filter date range,Transfer
good,5,2026-03-29,CBE,Google Play,POSITIVE,0.999816119670868,good,Other
easygoing & Convenient to use.,5,2026-03-29,CBE,Google Play,POSITIVE,0.9991795420646667,easygoing  convenient to use,UI
Thank you,5,2026-03-28,CBE,Google Play,POSITIVE,0.9998352527618408,thank you,Other
good,5,2026-03-28,CBE,Google Play,POSITIVE,0.999816119670868,good,Other
nice,5,2026-03-28,CBE,Google Play,POSITIVE,0.9998552799224854,nice,Other
excellent,5,2026-03-28,CBE,Google Play,POSITIVE,0.9998434782028198,excellent,Other
It charges high amount of service charge.,1,2026-03-28,CBE,Google Play,POSITIVE,0.97749525308609,it charges high amount of service charge,Other
best,5,2026-03-28,CBE,Google Play,POSITIVE,0.9997941851615906,best,Other
good,5,2026-03-27,CBE,Google Play,POSITIVE,0.999816119670868,good,Other
melkam new,4,2026-03-27,CBE,Google Play,NEGATIVE,0.9627685546875,melkam new,Other
Very good service all times,5,2026-03-25,CBE,Google Play,POSITIVE,0.9998514652252196,very good service all times,Other
ohh very useful and easy for use,5,2026-03-25,CBE,Google Play,POSITIVE,0.9979259967803956,ohh very useful and easy for use,UI
wow,5,2026-03-25,CBE,Google Play,POSITIVE,0.999592125415802,wow,Other
good application,5,2026-03-25,CBE,Google Play,POSITIVE,0.999854564666748,good application,Other
good,5,2026-03-25,CBE,Google Play,POSITIVE,0.999816119670868,good,Other
its good,5,2026-03-24,CBE,Google Play,POSITIVE,0.9998385906219482,its good,Other
so nice,5,2026-03-24,CBE,Google Play,POSITIVE,0.9998610019683838,so nice,Other
it nice and fast but usually it bad the connection by 4g network it still bad,4,2026-03-24,CBE,Google Play,NEGATIVE,0.9988802075386048,it nice and fast but usually it bad the connection by g network it still bad,Other
not work app,5,2026-03-23,CBE,Google Play,NEGATIVE,0.9996713399887084,not work app,Other
nice App,5,2026-03-22,CBE,Google Play,POSITIVE,0.9998061060905457,nice app,Other
CBE is my beast one for any transactions,5,2026-03-22,CBE,Google Play,POSITIVE,0.99633526802063,cbe is my beast one for any transactions,Transfer
very good,5,2026-03-22,CBE,Google Play,POSITIVE,0.9998520612716676,very good,Other
I Am Proud Of CBE Period!!!,5,2026-03-22,CBE,Google Play,POSITIVE,0.9998430013656616,i am proud of cbe period,Other
digital banking,5,2026-03-21,CBE,Google Play,POSITIVE,0.9698484539985656,digital banking,Other
it is very good service you are giving,5,2026-03-21,CBE,Google Play,POSITIVE,0.9998605251312256,it is very good service you are giving,Other
ps fast and easy,5,2026-03-21,CBE,Google Play,POSITIVE,0.9974810481071472,ps fast and easy,UI
nice app for me,3,2026-03-21,CBE,Google Play,POSITIVE,0.9997487664222716,nice app for me,Other
vibe,4,2026-03-21,CBE,Google Play,POSITIVE,0.998847246170044,vibe,Other
Tajajilli keessan dubati Hafadha አገልግሎታችሁን ዱባቲ ሀፋድህን አቆይ Your service will stay behind,1,2026-03-21,CBE,Google Play,POSITIVE,0.8770357966423035,tajajilli keessan dubati hafadha     your service will stay behind,Other
ገላግሌ ብየዋለው ጥድት ያለ አፕ,5,2026-03-20,CBE,Google Play,NEGATIVE,0.8832126259803772,    ,Other
best app i like it,5,2026-03-20,CBE,Google Play,POSITIVE,0.9997627139091492,best app i like it,Other
it is really very poor application. i've ever experienced.,1,2026-03-20,CBE,Google Play,NEGATIVE,0.9997970461845398,it is really very poor application ive ever experienced,Other
wow ✌️,5,2026-03-19,CBE,Google Play,POSITIVE,0.9992976188659668,wow ,Other
EASY & SIMLPE TO MANIPULATE. COGRATS !!,4,2026-03-19,CBE,Google Play,NEGATIVE,0.9855722784996032,easy  simlpe to manipulate cograts ,UI
zewediesh,4,2026-03-19,CBE,Google Play,NEGATIVE,0.9029977321624756,zewediesh,Other
nice app,4,2026-03-19,CBE,Google Play,POSITIVE,0.9998061060905457,nice app,Other
Perfect App,5,2026-03-19,CBE,Google Play,POSITIVE,0.9998340606689452,perfect app,Other
🆗 g,5,2026-03-19,CBE,Google Play,POSITIVE,0.5323765873908997, g,Other
the best app of mobile banking,5,2026-03-18,CBE,Google Play,POSITIVE,0.9998237490653992,the best app of mobile banking,Other
ዝም ብሉ ይዞራል 😡😡😡,3,2026-03-18,CBE,Google Play,NEGATIVE,0.8616322875022888,   ,Other
the bank You can always relay on!,5,2026-03-18,CBE,Google Play,POSITIVE,0.9955812096595764,the bank you can always relay on,Other
good,1,2026-03-18,CBE,Google Play,POSITIVE,0.999816119670868,good,Other
ok,5,2026-03-18,CBE,Google Play,POSITIVE,0.9997851252555848,ok,Other
"Why does this welcome notification appear every time the app is opened? It doesn’t add value in its current form, so please consider removing it. Alternatively, you could adjust it to appear only occasionally.",4,2026-03-17,CBE,Google Play,NEGATIVE,0.9991655349731444,why does this welcome notification appear every time the app is opened it doesnt add value in its current form so please consider removing it alternatively you could adjust it to appear only occasionally,Other
10Q U,5,2026-03-17,CBE,Google Play,NEGATIVE,0.7842158675193787,q u,Other
very interesting,5,2026-03-17,CBE,Google Play,POSITIVE,0.999863862991333,very interesting,Other
"it cant accomidate more than 2 accounts,every time i subscribe for my 3r account it vanish.",3,2026-03-17,CBE,Google Play,NEGATIVE,0.999395489692688,it cant accomidate more than  accountsevery time i subscribe for my r account it vanish,Other
it's so disgusting my phone is s9+ android of 8/9 and this application still doesn't work for my phone fix it sooner as possible !,1,2026-03-17,CBE,Google Play,NEGATIVE,0.999647855758667,its so disgusting my phone is s android of  and this application still doesnt work for my phone fix it sooner as possible ,Other
This app is by far one of the useless apps. It keep on sating can't sync and unable to do transfers. please for God sake fix it,1,2026-03-17,CBE,Google Play,NEGATIVE,0.9997839331626892,this app is by far one of the useless apps it keep on sating cant sync and unable to do transfers please for god sake fix it,Transfer
ልስን,4,2026-03-17,CBE,Google Play,NEGATIVE,0.6970561742782593,,Other
new app,5,2026-03-17,CBE,Google Play,POSITIVE,0.9902405738830566,new app,Other
Nice,5,2026-03-17,CBE,Google Play,POSITIVE,0.9998552799224854,nice,Other
it can't showed transaction history perfectly,1,2026-03-16,CBE,Google Play,NEGATIVE,0.9995885491371156,it cant showed transaction history perfectly,Transfer
it have to be work on all smart phone ratherthan limitted by version,1,2026-03-16,CBE,Google Play,NEGATIVE,0.984043538570404,it have to be work on all smart phone ratherthan limitted by version,Other
All right 👍,5,2026-03-16,CBE,Google Play,POSITIVE,0.999824583530426,all right ,Other
you can transfer br,5,2026-03-16,CBE,Google Play,POSITIVE,0.9933522939682008,you can transfer br,Transfer
well,5,2026-03-16,CBE,Google Play,POSITIVE,0.9995703101158142,well,Other
not properly work,2,2026-03-16,CBE,Google Play,NEGATIVE,0.9997875094413756,not properly work,Other
nice app,5,2026-03-16,CBE,Google Play,POSITIVE,0.9998061060905457,nice app,Other
proud of CBE. CBE is my everyday day choice and confidence.,5,2026-03-15,CBE,Google Play,POSITIVE,0.9998643398284912,proud of cbe cbe is my everyday day choice and confidence,Other
It would be great if you could add tele birr agent to the transfer to wallet.,2,2026-03-15,CBE,Google Play,NEGATIVE,0.9961091876029968,it would be great if you could add tele birr agent to the transfer to wallet,Transfer
love,5,2026-03-15,CBE,Google Play,POSITIVE,0.9998735189437866,love,Other
"To the CBE: I opened my account 8 years ago while working as a government employee in Harerghe. Now I live in Addis Ababa, yet my account has been frozen without any explanation. I contacted nearby branches and even the head office, and all I was told is that I must go to the branch where I originally opened my account-over 400 km away. How is this fair/legal? Expecting a customer to travel over 400km just to reactivate an account is unreasonable and shows a total disregard for customer rights.",3,2026-03-14,CBE,Google Play,NEGATIVE,0.9995940327644348,to the cbe i opened my account  years ago while working as a government employee in harerghe now i live in addis ababa yet my account has been frozen without any explanation i contacted nearby branches and even the head office and all i was told is that i must go to the branch where i originally opened my accountover  km away how is this fairlegal expecting a customer to travel over km just to reactivate an account is unreasonable and shows a total disregard for customer rights,Other
"it's good, but sometime the app can not be fast and it will need upgraeds.....?",4,2026-03-14,CBE,Google Play,NEGATIVE,0.9964878559112548,its good but sometime the app can not be fast and it will need upgraeds,Other
I gone to cbe branch more times as I updated or re installed it because it asks verfication no. after reinstallation or updation tis costy for you,4,2026-03-14,CBE,Google Play,NEGATIVE,0.998835265636444,i gone to cbe branch more times as i updated or re installed it because it asks verfication no after reinstallation or updation tis costy for you,Other
wonderful Pp,5,2026-03-14,CBE,Google Play,POSITIVE,0.9998849630355836,wonderful pp,Other
ok,5,2026-03-14,CBE,Google Play,POSITIVE,0.9997851252555848,ok,Other
l want Mobile banks code,5,2026-03-13,CBE,Google Play,NEGATIVE,0.9810473322868348,l want mobile banks code,Other
My application are not working,5,2026-03-13,CBE,Google Play,NEGATIVE,0.9997850060462952,my application are not working,Other
its good customer support,4,2026-03-13,CBE,Google Play,POSITIVE,0.9998515844345092,its good customer support,Other
Can't active now,3,2026-03-13,CBE,Google Play,NEGATIVE,0.9990955591201782,cant active now,Other
this app is really make me excited 😊,5,2026-03-13,CBE,Google Play,POSITIVE,0.9994534850120544,this app is really make me excited ,Other
ok,5,2026-03-13,CBE,Google Play,POSITIVE,0.9997851252555848,ok,Other
Easy to use and best way for online transactions in Ethiopia.,4,2026-03-12,CBE,Google Play,POSITIVE,0.934123694896698,easy to use and best way for online transactions in ethiopia,Transfer
good,5,2026-03-12,CBE,Google Play,POSITIVE,0.999816119670868,good,Other
ቸርነት ገበየሁ,5,2026-03-12,CBE,Google Play,NEGATIVE,0.7850580811500549, ,Other
"False advertising regarding Virtual Mastercard/Visa 😓😢😓 The latest update claims to support Mastercard and Visa cards, but this is completely false. The features are either missing or do not work at all. It is shameful for a leading bank to mislead its customers with ""new features"" that aren't actually available. Fix the bugs or stop making false promises.",1,2026-03-12,CBE,Google Play,NEGATIVE,0.9997325539588928,false advertising regarding virtual mastercardvisa  the latest update claims to support mastercard and visa cards but this is completely false the features are either missing or do not work at all it is shameful for a leading bank to mislead its customers with new features that arent actually available fix the bugs or stop making false promises,Other
thanks for my custom,5,2026-03-12,CBE,Google Play,POSITIVE,0.9995878338813782,thanks for my custom,Other
is good always not work not access.,2,2026-03-11,CBE,Google Play,POSITIVE,0.7839471697807312,is good always not work not access,Login
perfect 👌,5,2026-03-11,CBE,Google Play,POSITIVE,0.9998273849487304,perfect ,Other
Baankiin Daldala Itoophiyaa nuuf qabeenya guddaa tahuu hin dagatinaa Mata duree ykn Handhuura baankii hundaati,5,2026-03-11,CBE,Google Play,NEGATIVE,0.9953998923301696,baankiin daldala itoophiyaa nuuf qabeenya guddaa tahuu hin dagatinaa mata duree ykn handhuura baankii hundaati,Other
The worst Application,1,2026-03-10,CBE,Google Play,NEGATIVE,0.9997912049293518,the worst application,Other
it's very good app,5,2026-05-12,BOA,Google Play,POSITIVE,0.9998728036880492,its very good app,Other
this app is good but the speed of app is very slow,2,2026-05-11,BOA,Google Play,NEGATIVE,0.995230197906494,this app is good but the speed of app is very slow,Performance
good,5,2026-05-09,BOA,Google Play,POSITIVE,0.999816119670868,good,Other
boa the best,5,2026-05-08,BOA,Google Play,POSITIVE,0.9998425245285034,boa the best,Other
bank of absiniya is best bank in ethiopian,5,2026-05-07,BOA,Google Play,POSITIVE,0.9997739195823668,bank of absiniya is best bank in ethiopian,Other
አስተማማኝና ዘመኑን የዋጀ,4,2026-05-05,BOA,Google Play,NEGATIVE,0.8337249755859375,  ,Other
good,5,2026-05-04,BOA,Google Play,POSITIVE,0.999816119670868,good,Other
extremely slow app and unreliable for most payment i have stuggled to much with this,2,2026-05-03,BOA,Google Play,NEGATIVE,0.9994875192642212,extremely slow app and unreliable for most payment i have stuggled to much with this,Performance
Amazing app,5,2026-05-02,BOA,Google Play,POSITIVE,0.9998670816421508,amazing app,Other
"I tried to oppen mobile app of BOA, but it can't work on my phone after activation. I can't login to it. the staffs tried their best and asked me the android version which is 16 and clear the catches, reinstall the app but the same restult × close the app. disappointing",1,2026-05-01,BOA,Google Play,NEGATIVE,0.9992283582687378,i tried to oppen mobile app of boa but it cant work on my phone after activation i cant login to it the staffs tried their best and asked me the android version which is  and clear the catches reinstall the app but the same restult  close the app disappointing,Login
nice app 👍👍👍,5,2026-04-29,BOA,Google Play,POSITIVE,0.9996724128723145,nice app ,Other
easy to understand,4,2026-04-28,BOA,Google Play,POSITIVE,0.9997355341911316,easy to understand,UI
best,5,2026-04-27,BOA,Google Play,POSITIVE,0.9997941851615906,best,Other
a wonderful Bank success app in Ethiopia 🇪🇹,5,2026-04-25,BOA,Google Play,POSITIVE,0.9998182654380798,a wonderful bank success app in ethiopia ,Other
nice,5,2026-04-24,BOA,Google Play,POSITIVE,0.9998552799224854,nice,Other
there's an error in app i don't ever know what's the case,1,2026-04-24,BOA,Google Play,NEGATIVE,0.999702513217926,theres an error in app i dont ever know whats the case,Other
BoA always❤,5,2026-04-24,BOA,Google Play,NEGATIVE,0.971900999546051,boa always,Other
the worst app,1,2026-04-24,BOA,Google Play,NEGATIVE,0.9997969269752502,the worst app,Other
what an amazing service,5,2026-04-23,BOA,Google Play,POSITIVE,0.9998257756233216,what an amazing service,Other
abezash,5,2026-04-23,BOA,Google Play,POSITIVE,0.8301464319229126,abezash,Other
😁😁ል,4,2026-04-23,BOA,Google Play,NEGATIVE,0.6970561742782593,,Other
Not working,4,2026-04-22,BOA,Google Play,NEGATIVE,0.999777853488922,not working,Other
best,5,2026-04-22,BOA,Google Play,POSITIVE,0.9997941851615906,best,Other
nice,5,2026-04-21,BOA,Google Play,POSITIVE,0.9998552799224854,nice,Other
everything new that other banks started abyssinia started it but this one year have been a disaster the mobile banking crashes everytime please do what you do best,1,2026-04-20,BOA,Google Play,NEGATIVE,0.9982720613479614,everything new that other banks started abyssinia started it but this one year have been a disaster the mobile banking crashes everytime please do what you do best,Performance
"the best applcation,, how can winning byd car 😭🤣🤣",5,2026-04-20,BOA,Google Play,POSITIVE,0.9992448091506958,the best applcation how can winning byd car ,Other
good,5,2026-04-19,BOA,Google Play,POSITIVE,0.999816119670868,good,Other
"the app does not show my account balance correctly compared to what I get with the SMS notification. Again and again I am not able to make transfers because the app has issues. The app has over years now frequently problems, doesn't load, or is sometimes not working entirely and I can not open it. Even to the point that I question the rating of this app if it's true or distorted. I am not sure how it can be 4 stars something, when in real life the app just doesn't work a lot of the time.",1,2026-04-19,BOA,Google Play,NEGATIVE,0.9996778964996338,the app does not show my account balance correctly compared to what i get with the sms notification again and again i am not able to make transfers because the app has issues the app has over years now frequently problems doesnt load or is sometimes not working entirely and i can not open it even to the point that i question the rating of this app if its true or distorted i am not sure how it can be  stars something when in real life the app just doesnt work a lot of the time,Transfer
excellent service,5,2026-04-18,BOA,Google Play,POSITIVE,0.9998576641082764,excellent service,Other
it very slow to access the app when urgent,1,2026-04-17,BOA,Google Play,NEGATIVE,0.9997734427452089,it very slow to access the app when urgent,Performance
very Good app,4,2026-04-16,BOA,Google Play,POSITIVE,0.9998675584793092,very good app,Other
best i ethiopia,5,2026-04-16,BOA,Google Play,POSITIVE,0.9996500015258788,best i ethiopia,Other
when i try to see my balance the app logs me out.i try to uninstall the app and install it when i try to login again it says login expired.the worest mobile banking in ethiopia. fix it,1,2026-04-15,BOA,Google Play,NEGATIVE,0.9978908896446228,when i try to see my balance the app logs me outi try to uninstall the app and install it when i try to login again it says login expiredthe worest mobile banking in ethiopia fix it,Login
good,5,2026-04-15,BOA,Google Play,POSITIVE,0.999816119670868,good,Other
like,5,2026-04-14,BOA,Google Play,POSITIVE,0.9910564422607422,like,Other
Why transfer to telebirr agent doesn't work?,3,2026-04-14,BOA,Google Play,NEGATIVE,0.999589502811432,why transfer to telebirr agent doesnt work,Transfer
best 👌 app in entire industry,5,2026-04-14,BOA,Google Play,POSITIVE,0.9995336532592772,best  app in entire industry,Other
besst app,5,2026-04-14,BOA,Google Play,NEGATIVE,0.9778177738189696,besst app,Other
good 👍,5,2026-04-13,BOA,Google Play,POSITIVE,0.9998576641082764,good ,Other
ksanet hayle,5,2026-04-11,BOA,Google Play,POSITIVE,0.9805410504341124,ksanet hayle,Other
this app is not use my pbone android 16 and not fix boa nearest branch how to use this app,1,2026-04-11,BOA,Google Play,NEGATIVE,0.9992895126342772,this app is not use my pbone android  and not fix boa nearest branch how to use this app,Other
"disappointing experience .couldn't even do transactions ,so slow .you should check and update it please",1,2026-04-09,BOA,Google Play,NEGATIVE,0.9548875689506532,disappointing experience couldnt even do transactions so slow you should check and update it please,Performance
poor functional and also very interactive customer service at branch,1,2026-04-09,BOA,Google Play,NEGATIVE,0.9996819496154784,poor functional and also very interactive customer service at branch,Other
low networks,4,2026-04-08,BOA,Google Play,NEGATIVE,0.9996498823165894,low networks,Other
Fast& Modern,5,2026-04-08,BOA,Google Play,POSITIVE,0.999768316745758,fast modern,Other
very nice service appreciated 👍,5,2026-04-07,BOA,Google Play,POSITIVE,0.9997658133506776,very nice service appreciated ,Other
it's not working always says error occured,1,2026-04-06,BOA,Google Play,NEGATIVE,0.9997019171714784,its not working always says error occured,Other
good,5,2026-04-06,BOA,Google Play,POSITIVE,0.999816119670868,good,Other
fast and reliable app,5,2026-04-02,BOA,Google Play,POSITIVE,0.9997852444648744,fast and reliable app,Other
good,1,2026-04-02,BOA,Google Play,POSITIVE,0.999816119670868,good,Other
እረተውኝ,5,2026-04-01,BOA,Google Play,NEGATIVE,0.6970561742782593,,Other
good,1,2026-04-01,BOA,Google Play,POSITIVE,0.999816119670868,good,Other
its good,5,2026-04-01,BOA,Google Play,POSITIVE,0.9998385906219482,its good,Other
updte,3,2026-04-01,BOA,Google Play,POSITIVE,0.7714943289756775,updte,Other
nice,5,2026-03-31,BOA,Google Play,POSITIVE,0.9998552799224854,nice,Other
"Personal opinion: If Abyssinia Mobile Banking allows you to use data from the SIM card where banking is activated, for example, if the connection to the WiFi router stops, if it is possible to use the SIM card where it was activated, and if the password can finally be re-entered 🙏",5,2026-03-31,BOA,Google Play,NEGATIVE,0.9979731440544128,personal opinion if abyssinia mobile banking allows you to use data from the sim card where banking is activated for example if the connection to the wifi router stops if it is possible to use the sim card where it was activated and if the password can finally be reentered ,Login
stupid app! when i try to send money it says error occured,1,2026-03-31,BOA,Google Play,NEGATIVE,0.9997918009757996,stupid app when i try to send money it says error occured,Transfer
i loveit,5,2026-03-31,BOA,Google Play,POSITIVE,0.999810755252838,i loveit,Other
Boa yleyal,5,2026-03-31,BOA,Google Play,POSITIVE,0.9783289432525636,boa yleyal,Other
lovely,2,2026-03-30,BOA,Google Play,POSITIVE,0.9998601675033568,lovely,Other
other bank is very slow,5,2026-03-30,BOA,Google Play,NEGATIVE,0.9989757537841796,other bank is very slow,Performance
good,5,2026-03-29,BOA,Google Play,POSITIVE,0.999816119670868,good,Other
When transaction done form BOA to Other Bank accounts the receipt does not include the name of receipant(the who receive the money),4,2026-03-29,BOA,Google Play,NEGATIVE,0.9987573623657228,when transaction done form boa to other bank accounts the receipt does not include the name of receipantthe who receive the money,Transfer
Niyse,5,2026-03-29,BOA,Google Play,POSITIVE,0.7925686240196228,niyse,Other
my choice BOA,5,2026-03-28,BOA,Google Play,POSITIVE,0.739587664604187,my choice boa,Other
በጣም ጥሩ ነው,5,2026-03-28,BOA,Google Play,NEGATIVE,0.8337249755859375,  ,Other
smart app,5,2026-03-28,BOA,Google Play,POSITIVE,0.999789297580719,smart app,Other
emails connect to pone numbers link all the city banks by location naw,5,2026-03-28,BOA,Google Play,NEGATIVE,0.9878550171852112,emails connect to pone numbers link all the city banks by location naw,Other
good,5,2026-03-28,BOA,Google Play,POSITIVE,0.999816119670868,good,Other
My favorite app,5,2026-03-28,BOA,Google Play,POSITIVE,0.9983345866203308,my favorite app,Other
very good,5,2026-03-28,BOA,Google Play,POSITIVE,0.9998520612716676,very good,Other
smart app smart bank,5,2026-03-27,BOA,Google Play,POSITIVE,0.999352753162384,smart app smart bank,Other
You can't rely on Abyssinia. They are the worst,1,2026-03-26,BOA,Google Play,NEGATIVE,0.9985235333442688,you cant rely on abyssinia they are the worst,Other
its the the bank of bank,5,2026-03-25,BOA,Google Play,POSITIVE,0.8855547904968262,its the the bank of bank,Other
good app,5,2026-03-24,BOA,Google Play,POSITIVE,0.9998493194580078,good app,Other
beti araya,5,2026-03-24,BOA,Google Play,POSITIVE,0.9919483661651612,beti araya,Other
ok app,5,2026-03-24,BOA,Google Play,POSITIVE,0.9997081160545348,ok app,Other
something is wrong,2,2026-03-24,BOA,Google Play,NEGATIVE,0.9988584518432616,something is wrong,Other
abanamu boriifuu hindhabamu horiinu ajiraanu woliinuu,5,2026-03-24,BOA,Google Play,NEGATIVE,0.980297327041626,abanamu boriifuu hindhabamu horiinu ajiraanu woliinuu,Other
good up except some sluggishness,5,2026-03-23,BOA,Google Play,POSITIVE,0.9930061101913452,good up except some sluggishness,Other
good app,5,2026-03-23,BOA,Google Play,POSITIVE,0.9998493194580078,good app,Other
it is not bad it just ok,4,2026-03-23,BOA,Google Play,POSITIVE,0.9996962547302246,it is not bad it just ok,Other
well,1,2026-03-22,BOA,Google Play,POSITIVE,0.9995703101158142,well,Other
i can't transfer money to other bank. 😒😒,4,2026-03-22,BOA,Google Play,NEGATIVE,0.9885262250900269,i cant transfer money to other bank ,Transfer
doesn't work,1,2026-03-22,BOA,Google Play,NEGATIVE,0.9997408986091614,doesnt work,Other
cheru birhanu,1,2026-03-22,BOA,Google Play,POSITIVE,0.8392426371574402,cheru birhanu,Other
This app good b/c reduce my time,5,2026-03-22,BOA,Google Play,POSITIVE,0.9903632998466492,this app good bc reduce my time,Other
Machin tecnoloj,3,2026-03-22,BOA,Google Play,NEGATIVE,0.9505836367607116,machin tecnoloj,Other
developer option offe,1,2026-03-22,BOA,Google Play,NEGATIVE,0.9993467926979064,developer option offe,Other
"Bank of Abyssinia used to be the best for me, but now I don’t think so. I spent the whole day at the branch trying to fix my mobile banking, yet nothing changed. I was asked repeatedly for my ID and signature without any real solution. It’s disappointing and frustrating to see such poor service. I expected much better 🙏 Please fix this urgently 🙏",1,2026-03-22,BOA,Google Play,NEGATIVE,0.9996219873428344,bank of abyssinia used to be the best for me but now i dont think so i spent the whole day at the branch trying to fix my mobile banking yet nothing changed i was asked repeatedly for my id and signature without any real solution its disappointing and frustrating to see such poor service i expected much better  please fix this urgently ,Performance
good!,4,2026-03-21,BOA,Google Play,POSITIVE,0.9998268485069276,good,Other
BoA Mobile app,5,2026-03-21,BOA,Google Play,NEGATIVE,0.7573513388633728,boa mobile app,Other
good,5,2026-03-21,BOA,Google Play,POSITIVE,0.999816119670868,good,Other
it is simple and fast app,5,2026-03-21,BOA,Google Play,POSITIVE,0.9995757937431335,it is simple and fast app,UI
awful,1,2026-03-21,BOA,Google Play,NEGATIVE,0.9997954964637756,awful,Other
👍👍👍,5,2026-03-20,BOA,Google Play,NEGATIVE,0.6970561742782593,,Other
ቤጣም ጥሩ ነው ግን ኖ ፍጥነት ብዙ ስታክ ኦኬ,5,2026-03-20,BOA,Google Play,NEGATIVE,0.9322324395179749,        ,Other
best app,5,2026-03-20,BOA,Google Play,POSITIVE,0.999686598777771,best app,Other
awesome and fast app it uses to do my work easier..🥰,5,2026-03-20,BOA,Google Play,POSITIVE,0.999792754650116,awesome and fast app it uses to do my work easier,Other
simple and fast,5,2026-03-20,BOA,Google Play,POSITIVE,0.9998082518577576,simple and fast,UI
very good appreciation trusted,5,2026-03-20,BOA,Google Play,POSITIVE,0.9998399019241332,very good appreciation trusted,Other
very nice app u love it,5,2026-03-19,BOA,Google Play,POSITIVE,0.9998660087585448,very nice app u love it,Other
happy,4,2026-03-19,BOA,Google Play,POSITIVE,0.99987530708313,happy,Other
The worst banking app ever. When I toggle the balance button it shows session expired. I can't even check balance😔,1,2026-03-19,BOA,Google Play,NEGATIVE,0.9997931122779846,the worst banking app ever when i toggle the balance button it shows session expired i cant even check balance,Other
Secured and rely on BOA.,4,2026-03-19,BOA,Google Play,POSITIVE,0.9813457131385804,secured and rely on boa,Other
good,5,2026-03-19,BOA,Google Play,POSITIVE,0.999816119670868,good,Other
Nice App,5,2026-03-19,BOA,Google Play,POSITIVE,0.9998061060905457,nice app,Other
Good,1,2026-03-18,BOA,Google Play,POSITIVE,0.999816119670868,good,Other
very good app,5,2026-03-18,BOA,Google Play,POSITIVE,0.9998675584793092,very good app,Other
good to use,5,2026-03-18,BOA,Google Play,POSITIVE,0.9998455047607422,good to use,Other
excellent!,5,2026-03-18,BOA,Google Play,POSITIVE,0.9998645782470704,excellent,Other
Thanks bank of Abisiniya,5,2026-03-17,BOA,Google Play,POSITIVE,0.999427080154419,thanks bank of abisiniya,Other
good ap,5,2026-03-17,BOA,Google Play,POSITIVE,0.999827206134796,good ap,Other
Very nice application,5,2026-03-17,BOA,Google Play,POSITIVE,0.9998540878295898,very nice application,Other
the BoA is the smartest app,5,2026-03-17,BOA,Google Play,POSITIVE,0.9996989965438844,the boa is the smartest app,Other
nice,5,2026-03-17,BOA,Google Play,POSITIVE,0.9998552799224854,nice,Other
Wow!!,5,2026-03-17,BOA,Google Play,POSITIVE,0.999723732471466,wow,Other
v.good,5,2026-03-17,BOA,Google Play,POSITIVE,0.9948773980140686,vgood,Other
wow,5,2026-03-17,BOA,Google Play,POSITIVE,0.999592125415802,wow,Other
best,5,2026-03-17,BOA,Google Play,POSITIVE,0.9997941851615906,best,Other
very excellent and truth application.,5,2026-03-17,BOA,Google Play,POSITIVE,0.9998695850372314,very excellent and truth application,Other
very good,4,2026-03-17,BOA,Google Play,POSITIVE,0.9998520612716676,very good,Other
"All problems are fixed now , easy to use recommended.",5,2026-03-17,BOA,Google Play,POSITIVE,0.7008944153785706,all problems are fixed now  easy to use recommended,UI
it is slow app pls update more,5,2026-03-17,BOA,Google Play,NEGATIVE,0.9995323419570924,it is slow app pls update more,Performance
good,5,2026-03-17,BOA,Google Play,POSITIVE,0.999816119670868,good,Other
amazing app ever,5,2026-03-17,BOA,Google Play,POSITIVE,0.9998624324798584,amazing app ever,Other
It did not work at all for me,1,2026-03-17,BOA,Google Play,NEGATIVE,0.999767243862152,it did not work at all for me,Other
besat🥰,4,2026-03-17,BOA,Google Play,NEGATIVE,0.6970561742782593,besat,Other
amazing 😄 service I appreciate it,5,2026-03-17,BOA,Google Play,POSITIVE,0.9998668432235718,amazing  service i appreciate it,Other
no limit app,5,2026-03-17,BOA,Google Play,POSITIVE,0.942484736442566,no limit app,Other
Very excayeted and degjetalization more accecing to any markate enabled servece also hamble so more atande,4,2026-03-16,BOA,Google Play,NEGATIVE,0.9048979878425598,very excayeted and degjetalization more accecing to any markate enabled servece also hamble so more atande,Other
Best !,5,2026-03-16,BOA,Google Play,POSITIVE,0.9998348951339722,best ,Other
the app is always full of bugs and I don't know why they don't even try to fix them it's been like this for years it's always unstable,1,2026-03-16,BOA,Google Play,NEGATIVE,0.9989802241325378,the app is always full of bugs and i dont know why they dont even try to fix them its been like this for years its always unstable,Other
very good,4,2026-03-16,BOA,Google Play,POSITIVE,0.9998520612716676,very good,Other
fast app,5,2026-03-16,BOA,Google Play,POSITIVE,0.9983617663383484,fast app,Other
best app,5,2026-03-16,BOA,Google Play,POSITIVE,0.999686598777771,best app,Other
very good service,3,2026-03-16,BOA,Google Play,POSITIVE,0.9998648166656494,very good service,Other
lovely app,5,2026-03-16,BOA,Google Play,POSITIVE,0.9998546838760376,lovely app,Other
"BoA easily accessible, fast with best service, Go ahead",5,2026-03-16,BOA,Google Play,POSITIVE,0.9996600151062012,boa easily accessible fast with best service go ahead,Login
its so amazing,5,2026-03-16,BOA,Google Play,POSITIVE,0.999879002571106,its so amazing,Other
good,5,2026-03-16,BOA,Google Play,POSITIVE,0.999816119670868,good,Other
Now this bank is among those Ethiopian banks with best mobile banking. N.B I will give 5 star if the app asks a PIN before completing transaction.,4,2026-03-16,BOA,Google Play,POSITIVE,0.99723619222641,now this bank is among those ethiopian banks with best mobile banking nb i will give  star if the app asks a pin before completing transaction,Transfer
love BOA,1,2026-03-15,BOA,Google Play,POSITIVE,0.9997603297233582,love boa,Other
wow,5,2026-03-14,BOA,Google Play,POSITIVE,0.999592125415802,wow,Other
i like,5,2026-03-14,BOA,Google Play,POSITIVE,0.9998149275779724,i like,Other
it stucks and jumps out,1,2026-03-13,BOA,Google Play,NEGATIVE,0.9759269952774048,it stucks and jumps out,Other
ማስተዋልይርሳው,5,2026-03-11,BOA,Google Play,NEGATIVE,0.6970561742782593,,Other
1 ደኛ,5,2026-03-11,BOA,Google Play,NEGATIVE,0.7333013415336609, ,Other
nice,5,2026-03-10,BOA,Google Play,POSITIVE,0.9998552799224854,nice,Other
considering the fact that bank is huge this app really bad you could do better,1,2026-03-10,BOA,Google Play,NEGATIVE,0.9997078776359558,considering the fact that bank is huge this app really bad you could do better,Other
fast security 🔥🔥🔥,5,2026-03-07,BOA,Google Play,POSITIVE,0.9876085519790648,fast security ,Other
100% 😱😱,5,2026-03-07,BOA,Google Play,POSITIVE,0.9974650144577026, ,Other
doesn't work.,1,2026-03-06,BOA,Google Play,NEGATIVE,0.9997673630714417,doesnt work,Other
nice,5,2026-03-04,BOA,Google Play,POSITIVE,0.9998552799224854,nice,Other
atdtd,1,2026-03-03,BOA,Google Play,NEGATIVE,0.8663635849952698,atdtd,Other
Its so boaring app I ever had....please review and fix z deficulties,1,2026-03-03,BOA,Google Play,NEGATIVE,0.9886196851730348,its so boaring app i ever hadplease review and fix z deficulties,Other
ፈት አፈዘ,1,2026-03-03,BOA,Google Play,NEGATIVE,0.7850580811500549, ,Other
profesionl,5,2026-03-02,BOA,Google Play,NEGATIVE,0.987149178981781,profesionl,Other
nice,5,2026-03-02,BOA,Google Play,POSITIVE,0.9998552799224854,nice,Other
very nice,5,2026-03-01,BOA,Google Play,POSITIVE,0.9998563528060912,very nice,Other
no app,1,2026-03-01,BOA,Google Play,NEGATIVE,0.9996392726898192,no app,Other
BOA mobile app,5,2026-02-28,BOA,Google Play,NEGATIVE,0.7573513388633728,boa mobile app,Other
"Good App But big problem with Trasfer to other Bank im send some money to other bank still not reach it ,it's take time around two days",4,2026-02-27,BOA,Google Play,NEGATIVE,0.9948278069496156,good app but big problem with trasfer to other bank im send some money to other bank still not reach it its take time around two days,Transfer
Use the best bank account ✅👌👌👌,5,2026-02-25,BOA,Google Play,POSITIVE,0.9632344841957092,use the best bank account ,Other
well app,5,2026-02-24,BOA,Google Play,POSITIVE,0.9993765950202942,well app,Other
"balance sync is working after 24 hours, frequently stop working for the last 4 yrs, boring update released, very poor service",2,2026-02-23,BOA,Google Play,NEGATIVE,0.9993014335632324,balance sync is working after  hours frequently stop working for the last  yrs boring update released very poor service,Other
Excellent service thanks,5,2026-02-20,BOA,Google Play,POSITIVE,0.9998632669448853,excellent service thanks,Other
good,5,2026-02-19,BOA,Google Play,POSITIVE,0.999816119670868,good,Other
Good,5,2026-02-17,BOA,Google Play,POSITIVE,0.999816119670868,good,Other
it crush every time you opend it it is hard to pay quickly or to access,1,2026-02-17,BOA,Google Play,NEGATIVE,0.9992928504943848,it crush every time you opend it it is hard to pay quickly or to access,Login
it is a best app,5,2026-02-16,BOA,Google Play,POSITIVE,0.9998170733451844,it is a best app,Other
"this app is useless, i try to use it but the app crash and log me out and this is happen again and again. i thought they will fix it on update but there is no update.",1,2026-02-15,BOA,Google Play,NEGATIVE,0.9991432428359984,this app is useless i try to use it but the app crash and log me out and this is happen again and again i thought they will fix it on update but there is no update,Performance
"It’s very hard, it’s not working.👎👎",1,2026-02-11,BOA,Google Play,NEGATIVE,0.9997758269309998,its very hard its not working,Other
v.good,5,2026-02-11,BOA,Google Play,POSITIVE,0.9948773980140686,vgood,Other
some time the app would have been a problem to open,5,2026-02-10,BOA,Google Play,NEGATIVE,0.9992311000823976,some time the app would have been a problem to open,Other
good,5,2026-02-10,BOA,Google Play,POSITIVE,0.999816119670868,good,Other
good,5,2026-02-08,BOA,Google Play,POSITIVE,0.999816119670868,good,Other
Its not work accurately please improve your mobile banking,1,2026-02-03,BOA,Google Play,NEGATIVE,0.9996246099472046,its not work accurately please improve your mobile banking,Other
the most doagusting app from ethiopian banking especially on weekdenda🤮🤮🤮🤮🤮🤮🤮,1,2026-02-02,BOA,Google Play,POSITIVE,0.6832613945007324,the most doagusting app from ethiopian banking especially on weekdenda,Other
wondo mechesa,5,2026-01-31,BOA,Google Play,POSITIVE,0.998038113117218,wondo mechesa,Other
good but the user interface and animations need some upgrade,4,2026-01-31,BOA,Google Play,NEGATIVE,0.985451638698578,good but the user interface and animations need some upgrade,UI
what is wrong these app ?,1,2026-01-30,BOA,Google Play,NEGATIVE,0.999594271183014,what is wrong these app ,Other
very good app,5,2026-01-29,BOA,Google Play,POSITIVE,0.9998675584793092,very good app,Other
unsatisfied to your mobile banking application,5,2026-01-28,BOA,Google Play,NEGATIVE,0.9980995059013368,unsatisfied to your mobile banking application,Other
"Whenever I want to see my balance, the app says “no” and logs me out. Looks like the developer doesn’t want customers to know the truth 😄! This app really protects my money. It logs me out before I can even see my balance. 👉 Honestly, this app doesn’t reflect the quality of Bank of Abyssinia.",3,2026-01-26,BOA,Google Play,NEGATIVE,0.9990193843841552,whenever i want to see my balance the app says no and logs me out looks like the developer doesnt want customers to know the truth  this app really protects my money it logs me out before i can even see my balance  honestly this app doesnt reflect the quality of bank of abyssinia,Transfer
"BoA Mobile is boring, imagine if you install it to your phone it crash when once used and require reinstall. I downloaded ten times but it still crashing.",1,2026-01-25,BOA,Google Play,NEGATIVE,0.999487280845642,boa mobile is boring imagine if you install it to your phone it crash when once used and require reinstall i downloaded ten times but it still crashing,Performance
እሽቱ,5,2026-01-24,BOA,Google Play,NEGATIVE,0.6970561742782593,,Other
very clumsy application. it sucks alot.,1,2026-01-23,BOA,Google Play,NEGATIVE,0.9997543692588806,very clumsy application it sucks alot,Other
so perfect in everything,5,2026-01-22,BOA,Google Play,POSITIVE,0.999875545501709,so perfect in everything,Other
yse good ap,5,2026-01-22,BOA,Google Play,POSITIVE,0.9995238780975342,yse good ap,Other
the worst Mobile banking app👎👎👎👎,1,2026-01-22,BOA,Google Play,NEGATIVE,0.9998025298118592,the worst mobile banking app,Other
እየሩስ ፣አይለ፣,1,2026-01-20,BOA,Google Play,NEGATIVE,0.8616322875022888, ,Other
very nice,5,2026-01-20,BOA,Google Play,POSITIVE,0.9998563528060912,very nice,Other
very Good application,4,2026-01-14,BOA,Google Play,POSITIVE,0.9998687505722046,very good application,Other
yes,5,2026-01-13,BOA,Google Play,POSITIVE,0.9997805953025818,yes,Other
app doesnt work,1,2026-01-10,BOA,Google Play,NEGATIVE,0.999457061290741,app doesnt work,Other
it's too slow and when you are in a hurry don't use this app,1,2026-01-10,BOA,Google Play,NEGATIVE,0.9989222288131714,its too slow and when you are in a hurry dont use this app,Performance
The worest app ever .work hard and do betterthan this,1,2026-01-09,BOA,Google Play,NEGATIVE,0.9422697424888612,the worest app ever work hard and do betterthan this,Other
The app is always glitch seems there's is significant issue from the backend. Can someone take a look on this or just remove from appstore this trash 🗑 🙄. Thank you.,1,2026-01-07,BOA,Google Play,NEGATIVE,0.9988576173782348,the app is always glitch seems theres is significant issue from the backend can someone take a look on this or just remove from appstore this trash   thank you,Other
n m ű,3,2026-01-06,BOA,Google Play,POSITIVE,0.8321126699447632,n m ,Other
so good,5,2026-01-06,BOA,Google Play,POSITIVE,0.999841570854187,so good,Other
my app is not working .,1,2026-01-06,BOA,Google Play,NEGATIVE,0.9997945427894592,my app is not working ,Other
"Problems with internet, the app sometimes says there is no internet connection while Internet Data is on. this needs to be fixed, it's unacceptable not being able to access your bank account when you need it.",1,2026-01-05,BOA,Google Play,NEGATIVE,0.999695897102356,problems with internet the app sometimes says there is no internet connection while internet data is on this needs to be fixed its unacceptable not being able to access your bank account when you need it,Login
"There's only one word to describe BOA mobile banking app, and it's 'እንጨት'. It's been the worst experience and it's continuing to be so.",1,2026-01-04,BOA,Google Play,NEGATIVE,0.9997850060462952,theres only one word to describe boa mobile banking app and its  its been the worst experience and its continuing to be so,Other
not good update it again,1,2026-01-04,BOA,Google Play,NEGATIVE,0.9996786117553712,not good update it again,Other
the app not works on samsung galaxy A06 models it's directly kick you out of the app whenever u want to use it amd and then it's says the app is not working i hope they fix it soon,2,2026-01-04,BOA,Google Play,NEGATIVE,0.9996317625045776,the app not works on samsung galaxy a models its directly kick you out of the app whenever u want to use it amd and then its says the app is not working i hope they fix it soon,Other
The worest banking app i ever used,1,2026-01-03,BOA,Google Play,POSITIVE,0.9593278169631958,the worest banking app i ever used,Other
"This app is the worst app I've ever seen. Unless the developer fixes it, BOA will lose all its customers.",1,2026-01-02,BOA,Google Play,NEGATIVE,0.9998050332069396,this app is the worst app ive ever seen unless the developer fixes it boa will lose all its customers,Other
yetemeta app nw cherash nw apk west maygebawu beza sebeb absiniya tesenabichalewu,1,2026-01-01,BOA,Google Play,NEGATIVE,0.990407407283783,yetemeta app nw cherash nw apk west maygebawu beza sebeb absiniya tesenabichalewu,Other
ደገፉ ፈፊኘየየከ ወግወ ደገፉ,5,2025-12-31,BOA,Google Play,NEGATIVE,0.8616322875022888,   ,Other
good,5,2025-12-27,BOA,Google Play,POSITIVE,0.999816119670868,good,Other
good 👍👍👍,5,2025-12-27,BOA,Google Play,POSITIVE,0.9998576641082764,good ,Other
best digital financing app in ethiopia,5,2025-12-26,BOA,Google Play,POSITIVE,0.9993425011634828,best digital financing app in ethiopia,Other
wooow,5,2025-12-26,BOA,Google Play,NEGATIVE,0.983917474746704,wooow,Other
very good to be continued to update,5,2025-12-24,BOA,Google Play,POSITIVE,0.999853491783142,very good to be continued to update,Other
የአቢሲኒያ ባንክ app,5,2025-12-22,BOA,Google Play,NEGATIVE,0.6179786920547485,  app,Other
አፕሊኬሽኑ መጨረሻ ቀርፋፋ ነው:: 2G,1,2025-12-21,BOA,Google Play,NEGATIVE,0.978131890296936,    g,Other
best,5,2025-12-21,BOA,Google Play,POSITIVE,0.9997941851615906,best,Other
"what is this the 19 century 😡,we can't even see our balance,this app is going backwards 😤",1,2025-12-21,BOA,Google Play,NEGATIVE,0.99897301197052,what is this the  century we cant even see our balancethis app is going backwards ,Other
The worst Mobile banking app in Ethiopia,1,2025-12-20,BOA,Google Play,NEGATIVE,0.9997841715812684,the worst mobile banking app in ethiopia,Other
great,5,2025-12-18,BOA,Google Play,POSITIVE,0.9998630285263062,great,Other
Applicationa kerem delile,5,2025-12-18,BOA,Google Play,NEGATIVE,0.9970144033432008,applicationa kerem delile,Other
fast,5,2025-12-17,BOA,Google Play,POSITIVE,0.9989494681358336,fast,Other
Good,5,2025-12-17,BOA,Google Play,POSITIVE,0.999816119670868,good,Other
good,5,2025-12-16,BOA,Google Play,POSITIVE,0.999816119670868,good,Other
😍,5,2025-12-15,BOA,Google Play,NEGATIVE,0.6970561742782593,,Other
best,5,2025-12-15,BOA,Google Play,POSITIVE,0.9997941851615906,best,Other
nice,5,2025-12-13,BOA,Google Play,POSITIVE,0.9998552799224854,nice,Other
WE EXPECT IT WILL BE MORE AND MORE FASTER THAN EARLIER!,5,2025-12-13,BOA,Google Play,NEGATIVE,0.9444257616996764,we expect it will be more and more faster than earlier,Other
Amazing App 👏,5,2025-12-12,BOA,Google Play,POSITIVE,0.9997918009757996,amazing app ,Other
Niec app,5,2025-12-12,BOA,Google Play,POSITIVE,0.7498568296432495,niec app,Other
best app of the year,5,2025-12-12,BOA,Google Play,POSITIVE,0.9997411370277404,best app of the year,Other
waw,2,2025-12-12,BOA,Google Play,NEGATIVE,0.7346187829971313,waw,Other
it constantly bugs and doesnt open what is the purpose of mobile banking app if i dont use it when i need it?,1,2025-12-12,BOA,Google Play,NEGATIVE,0.9996134638786316,it constantly bugs and doesnt open what is the purpose of mobile banking app if i dont use it when i need it,Other
🔥🔥,5,2025-12-10,BOA,Google Play,NEGATIVE,0.6970561742782593,,Other
good,4,2025-12-09,BOA,Google Play,POSITIVE,0.999816119670868,good,Other
good,4,2025-12-06,BOA,Google Play,POSITIVE,0.999816119670868,good,Other
"please fix the bug this app does not work, it says Error The request was not successful. Please check device connectivity or try again.",1,2025-12-05,BOA,Google Play,NEGATIVE,0.9997721314430236,please fix the bug this app does not work it says error the request was not successful please check device connectivity or try again,Other
not bad,3,2025-12-04,BOA,Google Play,POSITIVE,0.9995881915092468,not bad,Other
nice banking,5,2025-12-02,BOA,Google Play,POSITIVE,0.999849796295166,nice banking,Other
what a bad app... cant even learn from CBE ... how can they even improve?,1,2025-12-02,BOA,Google Play,NEGATIVE,0.999813973903656,what a bad app cant even learn from cbe  how can they even improve,Other
it stuck everytime when i use it . the app won't budge to even open,1,2025-12-02,BOA,Google Play,NEGATIVE,0.9977149963378906,it stuck everytime when i use it  the app wont budge to even open,Other
i don't find it good and now it is not working!,1,2025-12-01,BOA,Google Play,NEGATIVE,0.9997889399528505,i dont find it good and now it is not working,Other
Make the reason we wrote visible on app transaction.,2,2025-12-01,BOA,Google Play,NEGATIVE,0.9711726903915404,make the reason we wrote visible on app transaction,Transfer
app is note active working crash,1,2025-11-30,BOA,Google Play,NEGATIVE,0.8487376570701599,app is note active working crash,Performance
🙏👍,5,2025-11-29,BOA,Google Play,NEGATIVE,0.6970561742782593,,Other
Very Good,5,2025-11-28,BOA,Google Play,POSITIVE,0.9998520612716676,very good,Other
goof,5,2025-11-28,BOA,Google Play,NEGATIVE,0.9975278973579408,goof,Other
good!,5,2025-11-28,BOA,Google Play,POSITIVE,0.9998268485069276,good,Other
bad exprience...it is so crushed,1,2025-11-27,BOA,Google Play,NEGATIVE,0.9998053908348083,bad exprienceit is so crushed,Other
not user friendly at all it requires a huge connectivity and also lags many times 😑😑😑,1,2025-11-26,BOA,Google Play,NEGATIVE,0.999765694141388,not user friendly at all it requires a huge connectivity and also lags many times ,Performance
ምንም የማይ ሰራ,1,2025-11-26,BOA,Google Play,NEGATIVE,0.8337249755859375,  ,Other
very good,5,2025-11-25,BOA,Google Play,POSITIVE,0.9998520612716676,very good,Other
most of the time is not working properly,1,2025-11-25,BOA,Google Play,NEGATIVE,0.9997636675834656,most of the time is not working properly,Other
good service,5,2025-11-25,BOA,Google Play,POSITIVE,0.9998499155044556,good service,Other
not use for me,3,2025-11-23,BOA,Google Play,NEGATIVE,0.9953739047050476,not use for me,Other
It keeps notifying me to disable developer options and quiet while I'm not enabled. always bring another type of problem with new updates.,1,2025-11-22,BOA,Google Play,NEGATIVE,0.9968326687812804,it keeps notifying me to disable developer options and quiet while im not enabled always bring another type of problem with new updates,Other
waw,5,2025-11-21,BOA,Google Play,NEGATIVE,0.7346187829971313,waw,Other
the lag is unbelievable when you need it the most this suks,1,2025-11-19,BOA,Google Play,NEGATIVE,0.9983174800872804,the lag is unbelievable when you need it the most this suks,Performance
I cant belive I could find the worst bank app ever .yet very simple to fix the problem and the company just ignored it. no body can do business with this kind of app.,1,2025-11-18,BOA,Google Play,NEGATIVE,0.999693751335144,i cant belive i could find the worst bank app ever yet very simple to fix the problem and the company just ignored it no body can do business with this kind of app,UI
it is a good app,5,2025-11-18,BOA,Google Play,POSITIVE,0.9998643398284912,it is a good app,Other
it is not working at all,1,2025-11-15,BOA,Google Play,NEGATIVE,0.9997811913490297,it is not working at all,Other
🥰🥰🥰🥰🥰 app is good but i was live in abroad and when i enter my otp code it didnt make me to write my code it the app want it self write thats not fair so please other wise i like it why,5,2025-11-15,BOA,Google Play,POSITIVE,0.8251625895500183, app is good but i was live in abroad and when i enter my otp code it didnt make me to write my code it the app want it self write thats not fair so please other wise i like it why,Login
when trying to activate the app it keeps on loading on the security questions page. It has been two days,1,2025-11-13,BOA,Google Play,NEGATIVE,0.9952510595321656,when trying to activate the app it keeps on loading on the security questions page it has been two days,Other
fast and simple,5,2025-11-11,BOA,Google Play,POSITIVE,0.9997392296791076,fast and simple,UI
best of best,5,2025-11-10,BOA,Google Play,POSITIVE,0.9997496008872986,best of best,Other
Worest Banking App Ever I seen. Fake App Bad Better to Leave,1,2025-11-10,BOA,Google Play,NEGATIVE,0.9993888139724731,worest banking app ever i seen fake app bad better to leave,Other
good,4,2025-11-10,BOA,Google Play,POSITIVE,0.999816119670868,good,Other
"I would like to share feedback regarding the application. It frequently experiences disruptions and does not function properly, often freezing or failing to load. This issue is affecting workflow and efficiency. Kindly review and address this problem to ensure smoother performance.",1,2025-11-08,BOA,Google Play,NEGATIVE,0.9947029948234558,i would like to share feedback regarding the application it frequently experiences disruptions and does not function properly often freezing or failing to load this issue is affecting workflow and efficiency kindly review and address this problem to ensure smoother performance,Other
Meet you genuine.App I tried is not functional.Helping.welldoingwith BOA Ethiopia .fastandrelevant.morconnecting Digitalyworld.Digitalyworld. thanks.,5,2025-11-08,BOA,Google Play,NEGATIVE,0.8848833441734314,meet you genuineapp i tried is not functionalhelpingwelldoingwith boa ethiopia fastandrelevantmorconnecting digitalyworlddigitalyworld thanks,Other
best app,5,2025-11-08,BOA,Google Play,POSITIVE,0.999686598777771,best app,Other
Best app,5,2025-11-07,BOA,Google Play,POSITIVE,0.999686598777771,best app,Other
"Barely works, it always fails to connect",1,2025-11-07,BOA,Google Play,NEGATIVE,0.9997532963752748,barely works it always fails to connect,Other
this app launch time is so long also has dozen bugs in addition it's has been long time get update,1,2025-11-05,BOA,Google Play,NEGATIVE,0.9977949857711792,this app launch time is so long also has dozen bugs in addition its has been long time get update,Other
very nice,5,2025-11-04,BOA,Google Play,POSITIVE,0.9998563528060912,very nice,Other
"Your application is very irritating to use, some functionality doesn't even work like on the card management. You need to do better than this and it good idea to reference other banking applications.",3,2025-11-04,BOA,Google Play,NEGATIVE,0.9985816478729248,your application is very irritating to use some functionality doesnt even work like on the card management you need to do better than this and it good idea to reference other banking applications,Other
I like,5,2025-11-02,BOA,Google Play,POSITIVE,0.9998149275779724,i like,Other
ወይ አሻሽሉትና እንጠቀምበት ያለያ ብታጠፉት ይሻላል። በቃ ምንም ነገር አይሰራም መተግበሪያ አለን ብላችሁ እንዳታወሩ ለማንም የማይመከር ቀርፋፋና ተግባር የለሽ መተግበሪያ,1,2025-11-01,BOA,Google Play,NEGATIVE,0.960876762866974,                   ,Other
i m sorry but it doesn't work for my android it is too slow but other bank are very fast please update,1,2025-10-30,BOA,Google Play,NEGATIVE,0.9083412885665894,i m sorry but it doesnt work for my android it is too slow but other bank are very fast please update,Performance
"the worst app ever,",1,2025-10-30,BOA,Google Play,NEGATIVE,0.9997932314872742,the worst app ever,Other
better,5,2025-10-29,BOA,Google Play,POSITIVE,0.999264657497406,better,Other
"I kindly request that Bank of abyssinia address issues with its mobile app. It is very slow, has numerous problems, and frequently experiences downtime. The user experience is also poor. Thank you.",1,2025-10-28,BOA,Google Play,NEGATIVE,0.99928218126297,i kindly request that bank of abyssinia address issues with its mobile app it is very slow has numerous problems and frequently experiences downtime the user experience is also poor thank you,Performance
this app can't open? what is problem? please solve my problem?,1,2025-10-28,BOA,Google Play,NEGATIVE,0.9996218681335448,this app cant open what is problem please solve my problem,Other
kiyaa makonn,5,2025-10-27,BOA,Google Play,POSITIVE,0.7175905704498291,kiyaa makonn,Other
very very lazy app,1,2025-10-26,BOA,Google Play,NEGATIVE,0.9996856451034546,very very lazy app,Other
telebirr remittance,5,2025-10-24,BOA,Google Play,NEGATIVE,0.9799609780311584,telebirr remittance,Other
The best bank in 🇪🇹,5,2025-10-23,BOA,Google Play,POSITIVE,0.9998179078102112,the best bank in ,Other
its good,5,2025-10-22,BOA,Google Play,POSITIVE,0.9998385906219482,its good,Other
the worst app in my financial experience.,1,2025-10-22,BOA,Google Play,NEGATIVE,0.9997914433479308,the worst app in my financial experience,Other
good for mb appliciation,5,2025-10-21,BOA,Google Play,POSITIVE,0.9943337440490724,good for mb appliciation,Other
the worst bank ever. slow don't accept dual sim. they are very stupid and greedy,1,2025-10-20,BOA,Google Play,NEGATIVE,0.9997623562812804,the worst bank ever slow dont accept dual sim they are very stupid and greedy,Performance
try to easy network,4,2025-10-17,BOA,Google Play,NEGATIVE,0.9987332224845886,try to easy network,UI
hussen hassen umer,5,2025-10-16,BOA,Google Play,POSITIVE,0.8681219816207886,hussen hassen umer,Other
"The app is not suitable and lacks a good UI design. As a large bank, you must update your app with a professional UI that is fast and appropriate.",2,2025-10-16,BOA,Google Play,NEGATIVE,0.9988431930541992,the app is not suitable and lacks a good ui design as a large bank you must update your app with a professional ui that is fast and appropriate,UI
an exceptional banking app.,5,2025-10-16,BOA,Google Play,POSITIVE,0.9997233748435974,an exceptional banking app,Other
alhamdulilah,5,2025-10-11,BOA,Google Play,POSITIVE,0.8558269739151001,alhamdulilah,Other
poor,5,2025-10-11,BOA,Google Play,NEGATIVE,0.9997912049293518,poor,Other
Best of best,5,2025-10-09,BOA,Google Play,POSITIVE,0.9997496008872986,best of best,Other
from the last week updates the app is not working Please check the problems,1,2025-10-08,BOA,Google Play,NEGATIVE,0.9996919631958008,from the last week updates the app is not working please check the problems,Other
It's always crushing,1,2025-10-08,BOA,Google Play,NEGATIVE,0.999380588531494,its always crushing,Other
office branches have to improve their services please,4,2025-10-07,BOA,Google Play,POSITIVE,0.6649675369262695,office branches have to improve their services please,Other
♥️♥️,5,2025-10-05,BOA,Google Play,POSITIVE,0.9437573552131652,,Other
Why does it keep crashing? I can't even use this. BOA should do better. You have many customers and how to deal with this. I can't send money now.,1,2025-10-05,BOA,Google Play,NEGATIVE,0.9988381266593932,why does it keep crashing i cant even use this boa should do better you have many customers and how to deal with this i cant send money now,Performance
it needs a timely update,5,2025-10-03,BOA,Google Play,NEGATIVE,0.9983032941818236,it needs a timely update,Other
"It does not show the name of the person who sent the money to request a receipt. This has become very difficult for us. When different people transfer the same amount to me from different banks, it is very difficult to identify the account or the name of the sender.",3,2025-10-01,BOA,Google Play,NEGATIVE,0.9997054934501648,it does not show the name of the person who sent the money to request a receipt this has become very difficult for us when different people transfer the same amount to me from different banks it is very difficult to identify the account or the name of the sender,Transfer
Like,5,2025-10-01,BOA,Google Play,POSITIVE,0.9910564422607422,like,Other
I can't type my otp on it.,1,2025-10-01,BOA,Google Play,NEGATIVE,0.9990899562835692,i cant type my otp on it,Login
"most of bank apps in Ethiopia are linked with ethiopian phone number, I live in US permanently so when I open BoA account, I told them where I live and to link it with email address instead of phone # as ethio phone number is not working where I live, unfortunetly my fear appeared and now when I change my phone device, it send the code to the ethio number which is not with me now. so please when u develop bank apps consider the diaspora community to use ur apps",1,2025-10-01,BOA,Google Play,NEGATIVE,0.997710943222046,most of bank apps in ethiopia are linked with ethiopian phone number i live in us permanently so when i open boa account i told them where i live and to link it with email address instead of phone  as ethio phone number is not working where i live unfortunetly my fear appeared and now when i change my phone device it send the code to the ethio number which is not with me now so please when u develop bank apps consider the diaspora community to use ur apps,Performance
jaajja,4,2025-09-30,BOA,Google Play,NEGATIVE,0.9872855544090272,jaajja,Other
I love this bank the best experience ever.,5,2025-09-28,BOA,Google Play,POSITIVE,0.9998602867126464,i love this bank the best experience ever,Other
"Nothing has been improved, it doesn't work like the previous version.",1,2025-09-25,BOA,Google Play,NEGATIVE,0.9997023940086364,nothing has been improved it doesnt work like the previous version,Other
Great,5,2025-09-20,BOA,Google Play,POSITIVE,0.9998630285263062,great,Other
mobile banking,5,2025-09-19,BOA,Google Play,POSITIVE,0.907653510570526,mobile banking,Other
very good,5,2025-09-18,BOA,Google Play,POSITIVE,0.9998520612716676,very good,Other
😎,5,2025-09-18,BOA,Google Play,NEGATIVE,0.6970561742782593,,Other
"need alot of connection, chooses device, very lug even when there is connection",1,2025-09-17,BOA,Google Play,NEGATIVE,0.9918755292892456,need alot of connection chooses device very lug even when there is connection,Other
On my ios it's perfect but on android it barley works and don't transfer and after a while it crushed and totally stopped working. Please fix the issue my beloved bank of abyssinia.,1,2025-09-15,BOA,Google Play,NEGATIVE,0.9964401125907898,on my ios its perfect but on android it barley works and dont transfer and after a while it crushed and totally stopped working please fix the issue my beloved bank of abyssinia,Transfer
none,5,2025-09-14,BOA,Google Play,NEGATIVE,0.985345721244812,none,Other
good,2,2025-09-13,BOA,Google Play,POSITIVE,0.999816119670868,good,Other
good,5,2025-09-12,BOA,Google Play,POSITIVE,0.999816119670868,good,Other
very good app i ever used,5,2025-09-12,BOA,Google Play,POSITIVE,0.9998385906219482,very good app i ever used,Other
its nice app especially the transaction limit is extended but We face that BoA m.banking app doesn't respond at the activation stage strictly at SMSNG mobile phone. please try this to make safe.,4,2025-09-11,BOA,Google Play,NEGATIVE,0.9979867935180664,its nice app especially the transaction limit is extended but we face that boa mbanking app doesnt respond at the activation stage strictly at smsng mobile phone please try this to make safe,Transfer
zedo,5,2025-09-11,BOA,Google Play,POSITIVE,0.994045615196228,zedo,Other
please open my mobile app,5,2025-09-10,BOA,Google Play,POSITIVE,0.9873003363609314,please open my mobile app,Other
it doesn't open,1,2025-09-10,BOA,Google Play,NEGATIVE,0.9997527003288268,it doesnt open,Other
Very Good,5,2025-09-09,BOA,Google Play,POSITIVE,0.9998520612716676,very good,Other
Best banking transaction application in Ethiopia !,5,2025-09-05,BOA,Google Play,POSITIVE,0.9996905326843262,best banking transaction application in ethiopia ,Transfer
السلام عليكم ورحمة الله وبركاته ماشاء الله تبارك الرحمن هذا التطبيق ممتاز جدا,5,2025-09-04,BOA,Google Play,NEGATIVE,0.5818172097206116,            ,Other
tamaam kamal,1,2025-09-04,BOA,Google Play,POSITIVE,0.991887390613556,tamaam kamal,Other
በጣም ሐሪፍ,5,2025-09-03,BOA,Google Play,NEGATIVE,0.7850580811500549, ,Other
great 👍,5,2025-09-02,BOA,Google Play,POSITIVE,0.9997692704200744,great ,Other
goof,4,2025-09-01,BOA,Google Play,NEGATIVE,0.9975278973579408,goof,Other
absiniya banki,5,2025-08-29,BOA,Google Play,NEGATIVE,0.9083037972450256,absiniya banki,Other
has issue after installation and i think it doesn't work with tecno common 30,1,2025-08-26,BOA,Google Play,NEGATIVE,0.9996929168701172,has issue after installation and i think it doesnt work with tecno common ,Other
One of the best in this business,5,2025-08-25,BOA,Google Play,POSITIVE,0.999869465827942,one of the best in this business,Other
Excellent,5,2025-08-20,BOA,Google Play,POSITIVE,0.9998434782028198,excellent,Other
besat🥰,5,2025-08-19,BOA,Google Play,NEGATIVE,0.6970561742782593,besat,Other
unlimited experience,5,2025-08-18,BOA,Google Play,POSITIVE,0.9997161030769348,unlimited experience,Other
"as bank, u should at least hire someone good at their job bc this a joke nowadays I can't even log in or even transfer without it crashing if u fix the app I will update this review I am counting on u boa update: so they atleast fixed it but as suggestion can u put password when in final step of sending money it will feel more secure that way",4,2025-08-17,BOA,Google Play,NEGATIVE,0.999123990535736,as bank u should at least hire someone good at their job bc this a joke nowadays i cant even log in or even transfer without it crashing if u fix the app i will update this review i am counting on u boa update so they atleast fixed it but as suggestion can u put password when in final step of sending money it will feel more secure that way,Performance
very nice mobile banking app my favourite,5,2025-08-16,BOA,Google Play,POSITIVE,0.9997608065605164,very nice mobile banking app my favourite,Other
"it almost never boots up!!! and even if it did, it crashes immediately",1,2025-08-15,BOA,Google Play,NEGATIVE,0.9977737069129944,it almost never boots up and even if it did it crashes immediately,Performance
best apps,5,2025-08-15,BOA,Google Play,POSITIVE,0.999784529209137,best apps,Other
the worst app ever to exist in a bank history,1,2025-08-15,BOA,Google Play,NEGATIVE,0.9997841715812684,the worst app ever to exist in a bank history,Other
thank you,5,2025-08-14,BOA,Google Play,POSITIVE,0.9998352527618408,thank you,Other
Best mobile app in the country,5,2025-08-14,BOA,Google Play,POSITIVE,0.999710738658905,best mobile app in the country,Other
not fast,2,2025-08-12,BOA,Google Play,NEGATIVE,0.9949790835380554,not fast,Other
keeps freezing at the front page.,1,2025-08-10,BOA,Google Play,NEGATIVE,0.9948282837867736,keeps freezing at the front page,Other
it is not working on redminote 11 pro+ pls fix it,1,2025-08-08,BOA,Google Play,NEGATIVE,0.9996861219406128,it is not working on redminote  pro pls fix it,Other
abseniya bank app,5,2025-08-08,BOA,Google Play,NEGATIVE,0.6962230801582336,abseniya bank app,Other
good,5,2025-08-05,BOA,Google Play,POSITIVE,0.999816119670868,good,Other
yes goode app,5,2025-08-03,BOA,Google Play,POSITIVE,0.9997490048408508,yes goode app,Other
Great App,5,2025-08-02,BOA,Google Play,POSITIVE,0.999821126461029,great app,Other
1) Crashes repeatedly 2) Takes Century to Boot 3) Repeatedly requires Update which is very annoying. 4) It doesn't ask for Password for one step confirmation when transferring money. 5) Automatically stops music when the app is launched (it doesn't really matter just fyi) Overall this have to be the worst mobile banking app I have tried so far and should not be released with all these bugs & issues.,1,2025-08-02,BOA,Google Play,NEGATIVE,0.999749481678009, crashes repeatedly  takes century to boot  repeatedly requires update which is very annoying  it doesnt ask for password for one step confirmation when transferring money  automatically stops music when the app is launched it doesnt really matter just fyi overall this have to be the worst mobile banking app i have tried so far and should not be released with all these bugs  issues,Performance
ረጀብነሱ,1,2025-07-31,BOA,Google Play,NEGATIVE,0.6970561742782593,,Other
The Worst Mobile Banking App.,1,2025-07-31,BOA,Google Play,NEGATIVE,0.9997994303703308,the worst mobile banking app,Other
giod,5,2025-07-30,BOA,Google Play,POSITIVE,0.9893913269042968,giod,Other
best bank in ethiopia,5,2025-07-29,BOA,Google Play,POSITIVE,0.999733030796051,best bank in ethiopia,Other
waqayyoo,5,2025-07-28,BOA,Google Play,POSITIVE,0.5036894679069519,waqayyoo,Other
please is not working,2,2025-07-27,BOA,Google Play,NEGATIVE,0.9997643828392028,please is not working,Other
nothing when I need to install the Apk it say that re-up date,5,2025-07-25,BOA,Google Play,NEGATIVE,0.9985933899879456,nothing when i need to install the apk it say that reup date,Other
I can log in from any where,5,2025-07-23,BOA,Google Play,NEGATIVE,0.9497750401496888,i can log in from any where,Other
😇,3,2025-07-21,BOA,Google Play,NEGATIVE,0.6970561742782593,,Other
no proplem,5,2025-07-20,BOA,Google Play,NEGATIVE,0.9912227392196656,no proplem,Other
👍👍👍,5,2025-07-20,BOA,Google Play,NEGATIVE,0.6970561742782593,,Other
excellent app,5,2025-07-18,BOA,Google Play,POSITIVE,0.9998356103897096,excellent app,Other
good work,5,2025-07-15,BOA,Google Play,POSITIVE,0.999841332435608,good work,Other
☹️,5,2025-07-15,BOA,Google Play,NEGATIVE,0.6970561742782593,,Other
excellent,5,2025-07-14,BOA,Google Play,POSITIVE,0.9998434782028198,excellent,Other
Great BoA,5,2025-07-14,BOA,Google Play,POSITIVE,0.9992689490318298,great boa,Other
Good,5,2025-07-14,BOA,Google Play,POSITIVE,0.999816119670868,good,Other
Okay,4,2025-07-13,BOA,Google Play,POSITIVE,0.9997709393501282,okay,Other
not working,1,2025-07-12,BOA,Google Play,NEGATIVE,0.999777853488922,not working,Other
This App is Getting worse and worse with every update,2,2025-07-11,BOA,Google Play,NEGATIVE,0.999568521976471,this app is getting worse and worse with every update,Other
ምርጥ ነው,1,2025-07-10,BOA,Google Play,NEGATIVE,0.7850580811500549, ,Other
nice,5,2025-07-10,BOA,Google Play,POSITIVE,0.9998552799224854,nice,Other
Best app,5,2025-07-08,BOA,Google Play,POSITIVE,0.999686598777771,best app,Other
meku,5,2025-07-07,BOA,Google Play,POSITIVE,0.9421752095222472,meku,Other
nice,4,2025-07-04,BOA,Google Play,POSITIVE,0.9998552799224854,nice,Other
awasome app go a head,5,2025-07-04,BOA,Google Play,NEGATIVE,0.998092234134674,awasome app go a head,Other
😎,5,2025-07-03,BOA,Google Play,NEGATIVE,0.6970561742782593,,Other
it sucks as hell. it crashes most of the time and takes a long time to load .,1,2025-07-03,BOA,Google Play,NEGATIVE,0.9994389414787292,it sucks as hell it crashes most of the time and takes a long time to load ,Performance
Easy and very nice app to load more than the previouse but in recent time some loading problem detected.,5,2025-07-01,BOA,Google Play,NEGATIVE,0.9851245880126952,easy and very nice app to load more than the previouse but in recent time some loading problem detected,UI
wow,5,2025-07-01,BOA,Google Play,POSITIVE,0.999592125415802,wow,Other
"The worst MBA I have experienced, The app crush frequently and they take to long to fix the problem even more than a week.",1,2025-06-27,BOA,Google Play,NEGATIVE,0.9996988773345948,the worst mba i have experienced the app crush frequently and they take to long to fix the problem even more than a week,Other
amazing Banks App👌👌,3,2025-06-25,BOA,Google Play,POSITIVE,0.9998063445091248,amazing banks app,Other
goof,5,2025-06-25,BOA,Google Play,NEGATIVE,0.9975278973579408,goof,Other
good App fore me,5,2025-06-25,BOA,Google Play,POSITIVE,0.9998444318771362,good app fore me,Other
"very uninterested it's not working when the ""developer mode on"" i haven't off the developer options i preferred to uninstall your app .....",1,2025-06-24,BOA,Google Play,NEGATIVE,0.9995253086090088,very uninterested its not working when the developer mode on i havent off the developer options i preferred to uninstall your app ,Other
fantastic,5,2025-06-22,BOA,Google Play,POSITIVE,0.9998743534088136,fantastic,Other
👍,4,2025-06-21,BOA,Google Play,NEGATIVE,0.6970561742782593,,Other
it's nice to use.,5,2025-06-21,BOA,Google Play,POSITIVE,0.999835729598999,its nice to use,Other
app doesn't start,1,2025-06-21,BOA,Google Play,NEGATIVE,0.9973676800727844,app doesnt start,Other
Excellent application,5,2025-06-18,BOA,Google Play,POSITIVE,0.9998571872711182,excellent application,Other
its very bad app its very slow,1,2025-06-17,BOA,Google Play,NEGATIVE,0.9998086094856262,its very bad app its very slow,Performance
ብዙዬ ሺዋየ በለጠ,1,2025-06-15,BOA,Google Play,NEGATIVE,0.8337249755859375,  ,Other
good,1,2025-06-15,BOA,Google Play,POSITIVE,0.999816119670868,good,Other
Good job!,5,2025-06-13,BOA,Google Play,POSITIVE,0.9998481273651124,good job,Other
best financial app.,5,2025-06-12,BOA,Google Play,POSITIVE,0.9997761845588684,best financial app,Other
ቆንጆ ነው በርቱ,5,2025-06-11,BOA,Google Play,NEGATIVE,0.8337249755859375,  ,Other
the worst app humans ever created,1,2025-06-09,BOA,Google Play,NEGATIVE,0.9998008608818054,the worst app humans ever created,Other
it's not working,3,2025-06-05,BOA,Google Play,NEGATIVE,0.9997857213020324,its not working,Other
"Hello, I’m facing a problem with the BOA Mobile app. Every time I enter my phone number and password, the app crashes and shows an error that says “BoaMobile closed because this app has a bug.” I tried updating, reinstalling, and clearing cache, but nothing worked. Please fix this bug in the next update. I really need access to my account. Thank you.",1,2025-06-03,BOA,Google Play,NEGATIVE,0.999415159225464,hello im facing a problem with the boa mobile app every time i enter my phone number and password the app crashes and shows an error that says boamobile closed because this app has a bug i tried updating reinstalling and clearing cache but nothing worked please fix this bug in the next update i really need access to my account thank you,Performance
exceptional,5,2025-06-03,BOA,Google Play,POSITIVE,0.9998514652252196,exceptional,Other
BoA Mobile good bank,5,2025-06-02,BOA,Google Play,POSITIVE,0.9984728693962096,boa mobile good bank,Other
this is worest app 24/7 loading,1,2025-06-01,BOA,Google Play,NEGATIVE,0.993474304676056,this is worest app  loading,Other
BoA system is confartable,5,2025-06-01,BOA,Google Play,NEGATIVE,0.9980142116546632,boa system is confartable,Other
"this app, for me , is a waste of time. It doesn't work . I can't even long in, and it really piss me off. FIX THE PROBLEM",1,2025-05-27,BOA,Google Play,NEGATIVE,0.99980491399765,this app for me  is a waste of time it doesnt work  i cant even long in and it really piss me off fix the problem,Other
Good service.,3,2025-05-25,BOA,Google Play,POSITIVE,0.9998533725738524,good service,Other
the app crush frequently,1,2025-05-24,BOA,Google Play,NEGATIVE,0.998525083065033,the app crush frequently,Other
good,5,2025-05-22,BOA,Google Play,POSITIVE,0.999816119670868,good,Other
You guys keeps getting worst,1,2025-05-22,BOA,Google Play,NEGATIVE,0.9997075200080872,you guys keeps getting worst,Other
good,5,2025-05-21,BOA,Google Play,POSITIVE,0.999816119670868,good,Other
"This app is a joke. It crashes more than it works, takes forever to load, and half the features are just decorative at this point. Can’t log in, can’t transfer money, can’t even check my balance without it bugging out. To the developer: Are you actually trying to make this work, or is this some kind of social experiment to test our patience? Did you build this in your sleep? Because it definitely looks like it. If this is your idea of a functional app, maybe consider a different career path🙏",1,2025-05-21,BOA,Google Play,NEGATIVE,0.999026656150818,this app is a joke it crashes more than it works takes forever to load and half the features are just decorative at this point cant log in cant transfer money cant even check my balance without it bugging out to the developer are you actually trying to make this work or is this some kind of social experiment to test our patience did you build this in your sleep because it definitely looks like it if this is your idea of a functional app maybe consider a different career path,Performance
BoA,2,2025-05-20,BOA,Google Play,NEGATIVE,0.7410506010055542,boa,Other
good,5,2025-05-20,BOA,Google Play,POSITIVE,0.999816119670868,good,Other
but not opening on android,4,2025-05-19,BOA,Google Play,NEGATIVE,0.9952228665351868,but not opening on android,Other
Worst App ever. Totally unreliable. And it didn't work at all for the last 4 months.,1,2025-05-18,BOA,Google Play,NEGATIVE,0.9997984766960144,worst app ever totally unreliable and it didnt work at all for the last  months,Other
amazing,5,2025-05-18,BOA,Google Play,POSITIVE,0.999875545501709,amazing,Other
excellent,5,2025-05-15,BOA,Google Play,POSITIVE,0.9998434782028198,excellent,Other
"this app does no work on Samsung a51, it just gives a preview of the logo",1,2025-05-11,BOA,Google Play,NEGATIVE,0.9992283582687378,this app does no work on samsung a it just gives a preview of the logo,Other
nice,5,2025-05-10,BOA,Google Play,POSITIVE,0.9998552799224854,nice,Other
"i entered incorrect security question by mistake boa app lock pin forever, why is there no other options? ?? i contacted different branchs more then 4times but they didn't able to solve this issue .",5,2025-05-10,BOA,Google Play,NEGATIVE,0.9994921684265136,i entered incorrect security question by mistake boa app lock pin forever why is there no other options  i contacted different branchs more then times but they didnt able to solve this issue ,Other
Best app,5,2025-05-09,BOA,Google Play,POSITIVE,0.999686598777771,best app,Other
liking this application good 👍,5,2025-05-07,BOA,Google Play,POSITIVE,0.9996829032897948,liking this application good ,Other
"This app future is good, but there is problems with apps to reset and activate it, which is difficult even to the branch staffs, and it takes too long times to active at the branch plus most of the time high expected failure of activation after process at the counter and OTP sent not work",1,2025-05-06,BOA,Google Play,NEGATIVE,0.9989790916442872,this app future is good but there is problems with apps to reset and activate it which is difficult even to the branch staffs and it takes too long times to active at the branch plus most of the time high expected failure of activation after process at the counter and otp sent not work,Login
good,5,2025-05-06,BOA,Google Play,POSITIVE,0.999816119670868,good,Other
good,5,2025-05-02,BOA,Google Play,POSITIVE,0.999816119670868,good,Other
good,4,2025-04-30,BOA,Google Play,POSITIVE,0.999816119670868,good,Other
wow,5,2025-04-28,BOA,Google Play,POSITIVE,0.999592125415802,wow,Other
it's really good 👍,5,2025-04-23,BOA,Google Play,POSITIVE,0.9998701810836792,its really good ,Other
Bad app . it stuck when you open and noting WORKS.,1,2025-04-23,BOA,Google Play,NEGATIVE,0.9995198249816896,bad app  it stuck when you open and noting works,Other
"the app isn't working after it asked me the password it starts loading, but it doesn't open",3,2025-04-20,BOA,Google Play,NEGATIVE,0.9997255206108092,the app isnt working after it asked me the password it starts loading but it doesnt open,Login
Best,2,2025-04-19,BOA,Google Play,POSITIVE,0.9997941851615906,best,Other
It keeps showing this pop up to turn off developer options even tho it's off! I had to turn on and then off to make it work! This is a horrible experience and needs a fix asap! Plus kinda slow.,1,2025-04-19,BOA,Google Play,NEGATIVE,0.999669909477234,it keeps showing this pop up to turn off developer options even tho its off i had to turn on and then off to make it work this is a horrible experience and needs a fix asap plus kinda slow,Performance
yideg,1,2025-04-18,BOA,Google Play,NEGATIVE,0.7675812840461731,yideg,Other
great boa,5,2025-04-10,BOA,Google Play,POSITIVE,0.9992689490318298,great boa,Other
Best,5,2025-04-10,BOA,Google Play,POSITIVE,0.9997941851615906,best,Other
boa of mobile backing,5,2025-04-09,BOA,Google Play,NEGATIVE,0.980626106262207,boa of mobile backing,Other
nice,5,2025-04-09,BOA,Google Play,POSITIVE,0.9998552799224854,nice,Other
faster bank of Abissinya,5,2025-04-08,BOA,Google Play,POSITIVE,0.9722140431404114,faster bank of abissinya,Other
i would have given it a lower if it was possible because it crush so much and it take the bank so long to fix the bug,1,2025-04-08,BOA,Google Play,NEGATIVE,0.9996716976165771,i would have given it a lower if it was possible because it crush so much and it take the bank so long to fix the bug,Other
it just doesn't work...so frustrating,1,2025-04-07,BOA,Google Play,NEGATIVE,0.999774158000946,it just doesnt workso frustrating,Other
like,5,2025-04-06,BOA,Google Play,POSITIVE,0.9910564422607422,like,Other
it's not work correctly... you must have update it,1,2025-04-06,BOA,Google Play,NEGATIVE,0.9998013377189636,its not work correctly you must have update it,Other
"the app gets a considerable improvements like language , QR scanner and unlimited transfers survice. but BOA Please do alot on its fastness and convenient when we login and making a transactions.",5,2025-04-04,BOA,Google Play,POSITIVE,0.957535445690155,the app gets a considerable improvements like language  qr scanner and unlimited transfers survice but boa please do alot on its fastness and convenient when we login and making a transactions,Login
after i typed in my password it says successfully logged out ...and goes back to the first page,2,2025-04-04,BOA,Google Play,NEGATIVE,0.5856869220733643,after i typed in my password it says successfully logged out and goes back to the first page,Login
waw,5,2026-02-26,Dashen,Google Play,NEGATIVE,0.7346187829971313,waw,Other
ተመ,5,2026-02-21,Dashen,Google Play,NEGATIVE,0.6970561742782593,,Other
worst bank ever ... they will take your money and lock you out with no reason what so ever,1,2026-01-19,Dashen,Google Play,NEGATIVE,0.9997994303703308,worst bank ever  they will take your money and lock you out with no reason what so ever,Transfer
Nice,5,2026-01-12,Dashen,Google Play,POSITIVE,0.9998552799224854,nice,Other
Very disappointing application. it's getting worst by the day. both Amole and their super app. Just abysmal. Very sad.,1,2025-10-31,Dashen,Google Play,NEGATIVE,0.9998226761817932,very disappointing application its getting worst by the day both amole and their super app just abysmal very sad,Other
"Banking made simple, smart, and safe.",5,2025-10-28,Dashen,Google Play,POSITIVE,0.9997703433036804,banking made simple smart and safe,UI
It is the best of all i liked it i used it almost 2 years. As a idea i ask dashen bank system officier please make it self registerable app,5,2025-10-27,Dashen,Google Play,NEGATIVE,0.9920618534088136,it is the best of all i liked it i used it almost  years as a idea i ask dashen bank system officier please make it self registerable app,Other
gngu,5,2025-10-21,Dashen,Google Play,NEGATIVE,0.9119521975517272,gngu,Other
"The app is very good , but it does not tell the account number to which transfer is made and the transfer reciever also does not know from whom the transaction was made.Moreover it requires frequent update within short period. Hence improve it accordingly.",4,2025-09-09,Dashen,Google Play,POSITIVE,0.9661495685577391,the app is very good  but it does not tell the account number to which transfer is made and the transfer reciever also does not know from whom the transaction was mademoreover it requires frequent update within short period hence improve it accordingly,Transfer
"The best app and easy to use. The only draw back, it has no password reset option without going to brach. Pls modify it.",3,2025-08-24,Dashen,Google Play,POSITIVE,0.9886998534202576,the best app and easy to use the only draw back it has no password reset option without going to brach pls modify it,Login
Please enable the app for sreen shoot,1,2025-08-19,Dashen,Google Play,POSITIVE,0.9716951251029968,please enable the app for sreen shoot,Other
good,3,2025-08-11,Dashen,Google Play,POSITIVE,0.999816119670868,good,Other
good,4,2025-08-08,Dashen,Google Play,POSITIVE,0.999816119670868,good,Other
the best mobile banking app in Ethiopia,5,2025-07-19,Dashen,Google Play,POSITIVE,0.9997679591178894,the best mobile banking app in ethiopia,Other
ግኡድ app,5,2025-07-17,Dashen,Google Play,POSITIVE,0.7097470164299011, app,Other
nice app,5,2025-07-16,Dashen,Google Play,POSITIVE,0.9998061060905457,nice app,Other
it's awesome application but there is no available card less système,5,2025-07-12,Dashen,Google Play,NEGATIVE,0.9828771948814392,its awesome application but there is no available card less systme,Other
The app suddenly stops,1,2025-06-12,Dashen,Google Play,NEGATIVE,0.9990180730819702,the app suddenly stops,Other
nice app,4,2025-06-12,Dashen,Google Play,POSITIVE,0.9998061060905457,nice app,Other
it is even super than super app,5,2025-06-12,Dashen,Google Play,POSITIVE,0.9946674108505248,it is even super than super app,Other
It would be more helpful if a/c no used for transfer are saved and usable for any future time transfers,4,2025-06-10,Dashen,Google Play,NEGATIVE,0.99860018491745,it would be more helpful if ac no used for transfer are saved and usable for any future time transfers,Transfer
truly one step ahead,4,2025-06-09,Dashen,Google Play,POSITIVE,0.999823033809662,truly one step ahead,Other
best,5,2025-06-05,Dashen,Google Play,POSITIVE,0.9997941851615906,best,Other
nice application,4,2025-05-27,Dashen,Google Play,POSITIVE,0.9998229146003724,nice application,Other
best,5,2025-05-22,Dashen,Google Play,POSITIVE,0.9997941851615906,best,Other
bast smart bank sistem dashen amole dashen bamk,5,2025-05-17,Dashen,Google Play,POSITIVE,0.979609191417694,bast smart bank sistem dashen amole dashen bamk,Other
best app,5,2025-05-16,Dashen,Google Play,POSITIVE,0.999686598777771,best app,Other
ለአጠቃቀም እጅግ ቀላልና ድህንነቱ የተጠበቀ ነው።,5,2025-05-16,Dashen,Google Play,NEGATIVE,0.920040488243103,     ,Other
"Worst app possible, I don't think it gets worse than this. Least user friendly process to exchange your own money, far too many hurdles you have to get past to make a simple money transfer. Even after getting past all the hurdles you are restricted with a min and I believe a max amount of your own money you have access to, not to mention time restrictions; I wasn't able to access my money past midnight multiple times. You can't change tab to another app, having opened this without it crashing.",1,2025-05-15,Dashen,Google Play,NEGATIVE,0.9994826316833496,worst app possible i dont think it gets worse than this least user friendly process to exchange your own money far too many hurdles you have to get past to make a simple money transfer even after getting past all the hurdles you are restricted with a min and i believe a max amount of your own money you have access to not to mention time restrictions i wasnt able to access my money past midnight multiple times you cant change tab to another app having opened this without it crashing,Performance
I'm a Dashen Bank customer as I know its function and duty. Thanks.,5,2025-05-15,Dashen,Google Play,POSITIVE,0.9982101917266846,im a dashen bank customer as i know its function and duty thanks,Other
Amole is the digital mobile application what i prefer.,5,2025-05-15,Dashen,Google Play,POSITIVE,0.9839359521865844,amole is the digital mobile application what i prefer,Other
nice,4,2025-05-12,Dashen,Google Play,POSITIVE,0.9998552799224854,nice,Other
best mobile banking app👍,5,2025-05-10,Dashen,Google Play,POSITIVE,0.999444544315338,best mobile banking app,Other
Complicated and fake app,1,2025-04-29,Dashen,Google Play,NEGATIVE,0.9995527863502502,complicated and fake app,Other
Its Good updation from Previous,3,2025-04-25,Dashen,Google Play,POSITIVE,0.9963968396186828,its good updation from previous,Other
yarid dima,5,2025-04-17,Dashen,Google Play,NEGATIVE,0.9857510328292848,yarid dima,Other
Best app,5,2025-04-14,Dashen,Google Play,POSITIVE,0.999686598777771,best app,Other
"Requires updates too frequently, often has server related issues, the fingerprint always requires updating, it's the most unreliable app I've used and always fails when you want to make urgent payments.",2,2025-04-10,Dashen,Google Play,NEGATIVE,0.9995680451393129,requires updates too frequently often has server related issues the fingerprint always requires updating its the most unreliable app ive used and always fails when you want to make urgent payments,Transfer
dashin,3,2025-04-08,Dashen,Google Play,POSITIVE,0.999108612537384,dashin,Other
disappointed because of option to transfer cash on telebirr is limited for self only.... those and other similar given choices by the bank used us to choose this bank over others! no doubt I will be not preferring this bank with no unique incentives.,1,2025-03-29,Dashen,Google Play,NEGATIVE,0.9996254444122314,disappointed because of option to transfer cash on telebirr is limited for self only those and other similar given choices by the bank used us to choose this bank over others no doubt i will be not preferring this bank with no unique incentives,Transfer
everything is perfect,5,2025-03-29,Dashen,Google Play,POSITIVE,0.9998743534088136,everything is perfect,Other
good,4,2025-03-26,Dashen,Google Play,POSITIVE,0.999816119670868,good,Other
Dashin Bank#1,5,2025-03-20,Dashen,Google Play,POSITIVE,0.996081292629242,dashin bank,Other
Both Amole & Dashen superApp are by far the worst mobile banking apps i have ever came across. if only there is 0 star option,1,2025-03-18,Dashen,Google Play,NEGATIVE,0.9997686743736268,both amole  dashen superapp are by far the worst mobile banking apps i have ever came across if only there is  star option,Other
"funny app, so much gymnastics just to be an app for sending and receiving money.",3,2025-03-18,Dashen,Google Play,POSITIVE,0.9542824029922484,funny app so much gymnastics just to be an app for sending and receiving money,Transfer
I use this app so many times so i like it,5,2025-03-17,Dashen,Google Play,POSITIVE,0.9994094371795654,i use this app so many times so i like it,Other
Why did u change the option to transfer to other tellebirr account,1,2025-03-17,Dashen,Google Play,NEGATIVE,0.998162806034088,why did u change the option to transfer to other tellebirr account,Performance
It's nice and simple to use app.,5,2025-03-17,Dashen,Google Play,POSITIVE,0.9998540878295898,its nice and simple to use app,UI
Just 👍,5,2025-03-15,Dashen,Google Play,NEGATIVE,0.7853981852531433,just ,Other
Not god its,5,2025-03-14,Dashen,Google Play,NEGATIVE,0.987773597240448,not god its,Other
Regarding Internet banking i really choice a Dashen Bank and I have one recommendation for app developer shall considere the low android level means 4-6 android to adress all types of android users because now a days the current updated app can't support such android.Thanks!!!,5,2025-03-08,Dashen,Google Play,NEGATIVE,0.9675477743148804,regarding internet banking i really choice a dashen bank and i have one recommendation for app developer shall considere the low android level means  android to adress all types of android users because now a days the current updated app cant support such androidthanks,Other
It doesn't work,1,2025-03-02,Dashen,Google Play,NEGATIVE,0.9997813105583192,it doesnt work,Other
ምርጥ,5,2025-02-28,Dashen,Google Play,NEGATIVE,0.6970561742782593,,Other
Best,5,2025-02-26,Dashen,Google Play,POSITIVE,0.9997941851615906,best,Other
Please the update is refused to be download on my phone tecno f1. Please solve this issue ASAP,1,2025-02-26,Dashen,Google Play,NEGATIVE,0.998185932636261,please the update is refused to be download on my phone tecno f please solve this issue asap,Other
Excellent app,5,2025-02-24,Dashen,Google Play,POSITIVE,0.9998356103897096,excellent app,Other
"Very poor service, always not responding when ever we need to transfer I rate it 0 !",1,2025-02-23,Dashen,Google Play,NEGATIVE,0.9998088479042052,very poor service always not responding when ever we need to transfer i rate it  ,Transfer
The recent update is broken. It diesn't allow to take screen shots (which by it self is not a problem) and the share button of a transaction doesn't work nor it will download the transaction receipt. I know security is especially important for banking systems but such a huge limitations on functionality will not serve the app any good. I guess the super app is the way to go.,2,2025-02-21,Dashen,Google Play,NEGATIVE,0.999530553817749,the recent update is broken it diesnt allow to take screen shots which by it self is not a problem and the share button of a transaction doesnt work nor it will download the transaction receipt i know security is especially important for banking systems but such a huge limitations on functionality will not serve the app any good i guess the super app is the way to go,Transfer
It is good but have so much problem ...even it say not compateble to your phone...it not easy for work ..,1,2025-02-20,Dashen,Google Play,NEGATIVE,0.8345462083816528,it is good but have so much problem even it say not compateble to your phoneit not easy for work ,UI
Dashen bank ATM,5,2025-02-20,Dashen,Google Play,POSITIVE,0.7306441068649292,dashen bank atm,Other
Good,1,2025-02-18,Dashen,Google Play,POSITIVE,0.999816119670868,good,Other
Good Banking App,5,2025-02-17,Dashen,Google Play,POSITIVE,0.999841570854187,good banking app,Other
stay hamble,5,2025-02-14,Dashen,Google Play,POSITIVE,0.9980903267860411,stay hamble,Other
Great,5,2025-02-13,Dashen,Google Play,POSITIVE,0.9998630285263062,great,Other
ይሄ አሪፍ,2,2025-02-12,Dashen,Google Play,NEGATIVE,0.7850580811500549, ,Other
good app i like it but still i am confused because i cannot use prperly so Please check the app,3,2025-02-12,Dashen,Google Play,POSITIVE,0.7858709096908569,good app i like it but still i am confused because i cannot use prperly so please check the app,Other
Very slow and it seems it needs update everytime,1,2025-02-12,Dashen,Google Play,NEGATIVE,0.9995964169502258,very slow and it seems it needs update everytime,Performance
Best,5,2025-02-12,Dashen,Google Play,POSITIVE,0.9997941851615906,best,Other
Nice,5,2025-02-11,Dashen,Google Play,POSITIVE,0.9998552799224854,nice,Other
Open app amole dashin,5,2025-02-10,Dashen,Google Play,POSITIVE,0.984882652759552,open app amole dashin,Other
Akiliua,5,2025-02-10,Dashen,Google Play,POSITIVE,0.9098021984100342,akiliua,Other
Perfiekt,5,2025-02-10,Dashen,Google Play,NEGATIVE,0.8356519937515259,perfiekt,Other
Help,5,2025-02-08,Dashen,Google Play,POSITIVE,0.9892712831497192,help,Other
Good app,5,2025-02-08,Dashen,Google Play,POSITIVE,0.9998493194580078,good app,Other
A very fast mobile banking app,5,2025-02-07,Dashen,Google Play,POSITIVE,0.9989713430404664,a very fast mobile banking app,Other
Good,5,2025-02-07,Dashen,Google Play,POSITIVE,0.999816119670868,good,Other
Good job,5,2025-02-07,Dashen,Google Play,POSITIVE,0.999835729598999,good job,Other
It's nice and easy to use,5,2025-02-07,Dashen,Google Play,POSITIVE,0.999874472618103,its nice and easy to use,UI
Nice app,5,2025-02-07,Dashen,Google Play,POSITIVE,0.9998061060905457,nice app,Other
Good app i used it always,5,2025-02-07,Dashen,Google Play,POSITIVE,0.9998261332511902,good app i used it always,Other
It is very very slow pls update,2,2025-02-06,Dashen,Google Play,NEGATIVE,0.9995800852775574,it is very very slow pls update,Performance
Very slow and it seems that every update something else is not working. The latest update doesn't allow me to use biometrics anymore and maximum daily transfer to Telebirr is 5k?!,1,2025-02-04,Dashen,Google Play,NEGATIVE,0.9997690320014954,very slow and it seems that every update something else is not working the latest update doesnt allow me to use biometrics anymore and maximum daily transfer to telebirr is k,Performance
Good app Amole Wonderful,5,2025-02-01,Dashen,Google Play,POSITIVE,0.9998674392700196,good app amole wonderful,Other
This app needs many modifications. It takes long time to log in to the account. It is not as fast as CBE. please Update it🙏🙏🙏,1,2025-02-01,Dashen,Google Play,NEGATIVE,0.9994195699691772,this app needs many modifications it takes long time to log in to the account it is not as fast as cbe please update it,Other
"The app is cool, but unlike other banks they don't provide a receipt for mobile banking transactions, which makes it useless for payments that require receipt",2,2025-01-31,Dashen,Google Play,NEGATIVE,0.995299220085144,the app is cool but unlike other banks they dont provide a receipt for mobile banking transactions which makes it useless for payments that require receipt,Transfer
I am glad to customer with you .I have plan to use dube ale and amole.,5,2025-01-27,Dashen,Google Play,POSITIVE,0.9921646118164062,i am glad to customer with you i have plan to use dube ale and amole,Other
WOW that's awesome,5,2025-01-27,Dashen,Google Play,POSITIVE,0.9998595714569092,wow thats awesome,Other
I cant choose select an account,1,2025-01-26,Dashen,Google Play,NEGATIVE,0.9820990562438964,i cant choose select an account,Other
Good👍,5,2025-01-22,Dashen,Google Play,NEGATIVE,0.6970561742782593,good,Other
Good,5,2025-01-16,Dashen,Google Play,POSITIVE,0.999816119670868,good,Other
wow,5,2025-01-15,Dashen,Google Play,POSITIVE,0.999592125415802,wow,Other
we needs modification at all !,1,2025-01-14,Dashen,Google Play,NEGATIVE,0.9979633092880248,we needs modification at all ,Other
It was good at first but now the system is very bad.please try to fix it.,1,2025-01-14,Dashen,Google Play,NEGATIVE,0.9997218251228333,it was good at first but now the system is very badplease try to fix it,Other
Generic error how tofix,4,2025-01-06,Dashen,Google Play,NEGATIVE,0.999723255634308,generic error how tofix,Other
Fast and suitable to learn.,5,2025-01-04,Dashen,Google Play,POSITIVE,0.99983811378479,fast and suitable to learn,Other
"The app is extremely slow, often stuck on the logo. Security is poor, requiring only username/password. This allows unauthorized transactions. A large company like yours needs stronger security, such as two-factor authentication. The app's speed lags significantly compared to others. Numerous updates are needed to improve performance and security. Currently, it's a frustrating and time-wasting experience.",1,2025-01-03,Dashen,Google Play,NEGATIVE,0.9997192025184632,the app is extremely slow often stuck on the logo security is poor requiring only usernamepassword this allows unauthorized transactions a large company like yours needs stronger security such as twofactor authentication the apps speed lags significantly compared to others numerous updates are needed to improve performance and security currently its a frustrating and timewasting experience,Performance
Sometimes it's soo slow,3,2025-01-01,Dashen,Google Play,NEGATIVE,0.997060477733612,sometimes its soo slow,Performance
the best app I used always,1,2024-12-31,Dashen,Google Play,POSITIVE,0.9996992349624634,the best app i used always,Other
Amole apk is ..... it's very good apk . please used amole Apk,5,2024-12-29,Dashen,Google Play,POSITIVE,0.9997653365135192,amole apk is  its very good apk  please used amole apk,Other
fast and secure app,5,2024-12-23,Dashen,Google Play,POSITIVE,0.9989577531814576,fast and secure app,Other
Ok,4,2024-12-18,Dashen,Google Play,POSITIVE,0.9997851252555848,ok,Other
I am new for this App let me to use and i will rate 5 star while i get Satisfie,3,2024-12-17,Dashen,Google Play,POSITIVE,0.9872546792030334,i am new for this app let me to use and i will rate  star while i get satisfie,Other
Yeb,5,2024-12-12,Dashen,Google Play,POSITIVE,0.7893232107162476,yeb,Other
Good Ait service!,5,2024-12-09,Dashen,Google Play,POSITIVE,0.9997960925102234,good ait service,Other
Sisay mustefa abani,5,2024-12-09,Dashen,Google Play,POSITIVE,0.8329904079437256,sisay mustefa abani,Other
Wow,5,2024-12-06,Dashen,Google Play,POSITIVE,0.999592125415802,wow,Other
"It can't load, even in a fast network connection. This app is so bad that it needs fixing",1,2024-12-05,Dashen,Google Play,NEGATIVE,0.9997859597206116,it cant load even in a fast network connection this app is so bad that it needs fixing,Other
The best mobile banking in Ethiopia 👍👍,5,2024-12-03,Dashen,Google Play,POSITIVE,0.9997841715812684,the best mobile banking in ethiopia ,Other
Thnk you,5,2024-12-02,Dashen,Google Play,POSITIVE,0.804777979850769,thnk you,Other
Nice,5,2024-11-30,Dashen,Google Play,POSITIVE,0.9998552799224854,nice,Other
I like this app b/c it has many options and easily useable,5,2024-11-29,Dashen,Google Play,POSITIVE,0.9980233907699584,i like this app bc it has many options and easily useable,Other
Its nice but it does not have speed it requires a lot of patience it will not be for a problem,3,2024-11-28,Dashen,Google Play,POSITIVE,0.9054867625236512,its nice but it does not have speed it requires a lot of patience it will not be for a problem,Other
It is better if he blinks (ከንግድ ባንክ666).,5,2024-11-28,Dashen,Google Play,NEGATIVE,0.9917783141136168,it is better if he blinks  ,Other
Naysssss,5,2024-11-27,Dashen,Google Play,NEGATIVE,0.9773305654525756,naysssss,Other
best,5,2024-11-27,Dashen,Google Play,POSITIVE,0.9997941851615906,best,Other
It's good,3,2024-11-21,Dashen,Google Play,POSITIVE,0.9998360872268676,its good,Other
Big love,5,2024-11-20,Dashen,Google Play,POSITIVE,0.9998681545257568,big love,Other
Excellent,5,2024-11-16,Dashen,Google Play,POSITIVE,0.9998434782028198,excellent,Other
Please decrease app size,4,2024-11-09,Dashen,Google Play,NEGATIVE,0.9971163272857666,please decrease app size,Other
Nice app,5,2024-11-08,Dashen,Google Play,POSITIVE,0.9998061060905457,nice app,Other
It's great,5,2024-11-08,Dashen,Google Play,POSITIVE,0.9998691082000732,its great,Other
Alem Zeleqe,3,2024-11-08,Dashen,Google Play,POSITIVE,0.7574911117553711,alem zeleqe,Other
❤️,5,2024-11-08,Dashen,Google Play,NEGATIVE,0.6970561742782593,,Other
Best,5,2024-11-06,Dashen,Google Play,POSITIVE,0.9997941851615906,best,Other
Nice,1,2024-10-30,Dashen,Google Play,POSITIVE,0.9998552799224854,nice,Other
Great Financial App,5,2024-10-28,Dashen,Google Play,POSITIVE,0.9998390674591064,great financial app,Other
Deshan bank,5,2024-10-27,Dashen,Google Play,POSITIVE,0.9838610887527466,deshan bank,Other
"Still in love with it but while the app start to open, it takes time pls upgrade & fix the bug.",5,2024-10-22,Dashen,Google Play,NEGATIVE,0.9972243309020996,still in love with it but while the app start to open it takes time pls upgrade  fix the bug,Other
It's such an amazing app. Truly Dashen bank is always one step ahead of other banks in 🇪🇹 👍,5,2024-10-16,Dashen,Google Play,POSITIVE,0.9998195767402648,its such an amazing app truly dashen bank is always one step ahead of other banks in  ,Other
Good,5,2024-10-02,Dashen,Google Play,POSITIVE,0.999816119670868,good,Other
Best App for all users.,5,2024-10-02,Dashen,Google Play,POSITIVE,0.9997850060462952,best app for all users,Other
I ilke very much,5,2024-09-25,Dashen,Google Play,POSITIVE,0.9962043166160583,i ilke very much,Other
"The app suffers from severe performance issues, particularly with response times. The backend seems to have high latency, as the OTP generation and delivery process consistently delays, even after the server acknowledges that it has been sent. API requests frequently fail, returning non-descriptive error messages that lack proper exception handling, making it difficult for users to understand the issue. I know you will gonne say""ehe yedekem hzb teche alteche"", but that it.",1,2024-09-12,Dashen,Google Play,NEGATIVE,0.999439299106598,the app suffers from severe performance issues particularly with response times the backend seems to have high latency as the otp generation and delivery process consistently delays even after the server acknowledges that it has been sent api requests frequently fail returning nondescriptive error messages that lack proper exception handling making it difficult for users to understand the issue i know you will gonne sayehe yedekem hzb teche alteche but that it,Login
"The security, cool, every time OTP!! The UI, let's not talk about the UI, But how the heck it says ""offline mode is not available"" something like that, when I enter more than the max amount to transfer. Fellas i am a web dev, this is bad UX. It needs update on the UX. Will see the UI later.",3,2024-09-10,Dashen,Google Play,NEGATIVE,0.999771773815155,the security cool every time otp the ui lets not talk about the ui but how the heck it says offline mode is not available something like that when i enter more than the max amount to transfer fellas i am a web dev this is bad ux it needs update on the ux will see the ui later,Login
Select from Sending account option not working when trying to send to other banks,2,2024-09-08,Dashen,Google Play,NEGATIVE,0.9983750581741332,select from sending account option not working when trying to send to other banks,Transfer
It's not working,1,2024-09-08,Dashen,Google Play,NEGATIVE,0.9997857213020324,its not working,Other
nice App,5,2024-09-07,Dashen,Google Play,POSITIVE,0.9998061060905457,nice app,Other
የአንደኛ ቀዳሚ ምርጫችን ዳሽን ባንክ ሁልጊዜ አንድ እርምጃ ቀዳሚ። የአሞሌ አስጠቃሚ።,5,2024-09-03,Dashen,Google Play,NEGATIVE,0.9510264992713928,          ,Other
best app,5,2024-08-29,Dashen,Google Play,POSITIVE,0.999686598777771,best app,Other
በጠም ውደድኩት ስህተት ከለው በጠም መዝገቱ ደስ ብሎኛል,5,2024-08-24,Dashen,Google Play,NEGATIVE,0.9239574670791626,       ,Other
🔥,4,2024-08-24,Dashen,Google Play,NEGATIVE,0.6970561742782593,,Other
"Although the application is good, but, it is difficult to get out. The app does not work to get out with the back cursor . Fix it quickly.",1,2024-08-22,Dashen,Google Play,NEGATIVE,0.9995861649513244,although the application is good but it is difficult to get out the app does not work to get out with the back cursor  fix it quickly,Other
Go,3,2024-08-21,Dashen,Google Play,POSITIVE,0.9994152784347534,go,Other
"I like thise app it is smart app,but when i make one mistake it will automatically block",5,2024-08-15,Dashen,Google Play,NEGATIVE,0.9955797791481018,i like thise app it is smart appbut when i make one mistake it will automatically block,Other
Nice,5,2024-08-14,Dashen,Google Play,POSITIVE,0.9998552799224854,nice,Other
Suaud,5,2024-08-05,Dashen,Google Play,POSITIVE,0.7671428322792053,suaud,Other
wenderfull,5,2024-08-03,Dashen,Google Play,POSITIVE,0.9393950700759888,wenderfull,Other
Nice app in Ethiopia,5,2024-08-01,Dashen,Google Play,POSITIVE,0.9995818734169006,nice app in ethiopia,Other
Nice,5,2024-07-30,Dashen,Google Play,POSITIVE,0.9998552799224854,nice,Other
simply the best,5,2024-07-26,Dashen,Google Play,POSITIVE,0.9998356103897096,simply the best,Other
Very nice mob app,3,2024-07-26,Dashen,Google Play,POSITIVE,0.9997592568397522,very nice mob app,Other
nice,5,2024-07-24,Dashen,Google Play,POSITIVE,0.9998552799224854,nice,Other
Good,5,2024-07-09,Dashen,Google Play,POSITIVE,0.999816119670868,good,Other
Best,5,2024-07-02,Dashen,Google Play,POSITIVE,0.9997941851615906,best,Other
"I hate this app stack and blackscreen not open as required ,normaly i resigned my job do to this app b/c our salary are depoite by dashen bank",1,2024-06-28,Dashen,Google Play,NEGATIVE,0.999639630317688,i hate this app stack and blackscreen not open as required normaly i resigned my job do to this app bc our salary are depoite by dashen bank,Other
Wow Very Nice App,5,2024-06-22,Dashen,Google Play,POSITIVE,0.9998499155044556,wow very nice app,Other
Telebirr agent deposit is not working until now. Please fix it. Fix it fast.,5,2024-06-19,Dashen,Google Play,NEGATIVE,0.996275782585144,telebirr agent deposit is not working until now please fix it fix it fast,Other
Very good,5,2024-06-16,Dashen,Google Play,POSITIVE,0.9998520612716676,very good,Other
The developers have incorporated biometric login which has made the app very convenient and user friendly. I will now increase my rating as promised,5,2024-06-15,Dashen,Google Play,POSITIVE,0.9970755577087402,the developers have incorporated biometric login which has made the app very convenient and user friendly i will now increase my rating as promised,Login
Memekaye miliyoon girmaa,3,2024-06-14,Dashen,Google Play,NEGATIVE,0.9797621369361876,memekaye miliyoon girmaa,Other
This app is 🤩,5,2024-06-12,Dashen,Google Play,NEGATIVE,0.783530592918396,this app is ,Other
Be adjusted this app is not available anytime,5,2024-06-11,Dashen,Google Play,NEGATIVE,0.999541997909546,be adjusted this app is not available anytime,Other
Super app,5,2024-06-10,Dashen,Google Play,POSITIVE,0.9932268261909484,super app,Other
"Very poor app! It locked my out without any reason, does not have any conformation or screenshots . And delay when opening of the app. It is just time wasting.",1,2024-06-09,Dashen,Google Play,NEGATIVE,0.999821960926056,very poor app it locked my out without any reason does not have any conformation or screenshots  and delay when opening of the app it is just time wasting,Other
Best app....,5,2024-06-06,Dashen,Google Play,POSITIVE,0.9997749924659728,best app,Other
wow amole,4,2024-06-03,Dashen,Google Play,POSITIVE,0.9994269609451294,wow amole,Other
We,1,2024-06-01,Dashen,Google Play,POSITIVE,0.998214602470398,we,Other
Best,5,2024-06-01,Dashen,Google Play,POSITIVE,0.9997941851615906,best,Other
Tye app is mostly good but you should make it be able to save usernames instead of typing every time i want to login,4,2024-05-31,Dashen,Google Play,POSITIVE,0.8945755958557129,tye app is mostly good but you should make it be able to save usernames instead of typing every time i want to login,Login
"It's good enough. But, there is slowing in beginning of the App....",5,2024-05-24,Dashen,Google Play,NEGATIVE,0.990556299686432,its good enough but there is slowing in beginning of the app,Performance
"Good for safety,take long way though",5,2024-05-22,Dashen,Google Play,NEGATIVE,0.8347493410110474,good for safetytake long way though,Other
😘,5,2024-05-20,Dashen,Google Play,NEGATIVE,0.6970561742782593,,Other
Bad app that not helping me the is not login,1,2024-05-18,Dashen,Google Play,NEGATIVE,0.99905663728714,bad app that not helping me the is not login,Login
Good,4,2024-05-15,Dashen,Google Play,POSITIVE,0.999816119670868,good,Other
Best after removal of screelock password,5,2024-05-13,Dashen,Google Play,POSITIVE,0.980417251586914,best after removal of screelock password,Login
"I really don't get how this is the lite version and it is bigger than the og app, ah well it is what it is ig ¯⁠\⁠_😂_⁠/⁠¯",5,2024-05-10,Dashen,Google Play,NEGATIVE,0.7981881499290466,i really dont get how this is the lite version and it is bigger than the og app ah well it is what it is ig ,Other
"Dashen Bank is the gold standard of banking in Ethiopia! The mobile app makes banking convenient and efficient. Plus, the branch services is top-notch, with staff always ready to assist with a smile.",5,2024-05-10,Dashen,Google Play,POSITIVE,0.9997432827949524,dashen bank is the gold standard of banking in ethiopia the mobile app makes banking convenient and efficient plus the branch services is topnotch with staff always ready to assist with a smile,Other
ማይ,1,2024-05-09,Dashen,Google Play,NEGATIVE,0.6970561742782593,,Other
Doesn't work most of the time,1,2024-05-09,Dashen,Google Play,NEGATIVE,0.998852014541626,doesnt work most of the time,Other
that is awesome,5,2024-05-01,Dashen,Google Play,POSITIVE,0.9998675584793092,that is awesome,Other
"It's so boring.... I don't wanna say this but this app so tough to take action. It's take long time and also it's conditional mostly it's not available, in 1 day it's work for 1 or 2 hour .... this bank so huge but de app it's not enough to define your exellence",1,2024-04-30,Dashen,Google Play,NEGATIVE,0.9995031356811525,its so boring i dont wanna say this but this app so tough to take action its take long time and also its conditional mostly its not available in  day its work for  or  hour  this bank so huge but de app its not enough to define your exellence,Other
We,5,2024-04-28,Dashen,Google Play,POSITIVE,0.998214602470398,we,Other
Jafare has fyguhfiwudgg,5,2024-04-25,Dashen,Google Play,NEGATIVE,0.9514184594154358,jafare has fyguhfiwudgg,Other
it's fine,5,2024-04-20,Dashen,Google Play,POSITIVE,0.9998621940612792,its fine,Other
This app is very good Nice app people please use this app 😃☺️☺️,5,2024-04-20,Dashen,Google Play,POSITIVE,0.9994275569915771,this app is very good nice app people please use this app ,Other
Nice,5,2024-04-18,Dashen,Google Play,POSITIVE,0.9998552799224854,nice,Other
Wow amazing platform 🙏,5,2024-04-17,Dashen,Google Play,POSITIVE,0.9998337030410768,wow amazing platform ,Other
"I tried to log in twice and locked me out. I tried to email them, but no one responded 🙃 please respond to our email back",1,2024-04-12,Dashen,Google Play,NEGATIVE,0.9989142417907716,i tried to log in twice and locked me out i tried to email them but no one responded  please respond to our email back,Other
Why dont update,5,2024-04-06,Dashen,Google Play,NEGATIVE,0.9983964562416076,why dont update,Other
Good app,5,2024-04-06,Dashen,Google Play,POSITIVE,0.9998493194580078,good app,Other
Best,5,2024-04-01,Dashen,Google Play,POSITIVE,0.9997941851615906,best,Other
Nice,4,2024-03-31,Dashen,Google Play,POSITIVE,0.9998552799224854,nice,Other
This app is so good and its an interesting,3,2024-03-29,Dashen,Google Play,POSITIVE,0.9998619556427002,this app is so good and its an interesting,Other
The best easy banking app ever @ Ethiopia,5,2024-03-26,Dashen,Google Play,POSITIVE,0.999743402004242,the best easy banking app ever  ethiopia,UI
Amole lite wow its more easy for use and more secured. I really its one step a head,5,2024-03-25,Dashen,Google Play,POSITIVE,0.9603886604309082,amole lite wow its more easy for use and more secured i really its one step a head,UI
Excellent and Easy to use.,5,2024-03-25,Dashen,Google Play,POSITIVE,0.9998741149902344,excellent and easy to use,UI
wow,5,2024-03-24,Dashen,Google Play,POSITIVE,0.999592125415802,wow,Other
it's good app I'm using it right now but after it have installed doesn't work fastly and again goes to update..plc fix the problem..,3,2024-03-23,Dashen,Google Play,NEGATIVE,0.9932883381843568,its good app im using it right now but after it have installed doesnt work fastly and again goes to updateplc fix the problem,Other
Very nice,5,2024-03-22,Dashen,Google Play,POSITIVE,0.9998563528060912,very nice,Other
It's good app,5,2024-03-22,Dashen,Google Play,POSITIVE,0.9998689889907836,its good app,Other
Very secured app but after the last update it takes long time to start .pls minimize the start time ppl might have no patience to wait more than 30 seconds just for the app to open ..,5,2024-03-22,Dashen,Google Play,NEGATIVE,0.998897671699524,very secured app but after the last update it takes long time to start pls minimize the start time ppl might have no patience to wait more than  seconds just for the app to open ,Other
Nice,4,2024-03-22,Dashen,Google Play,POSITIVE,0.9998552799224854,nice,Other
I don't know why I have been stuck with other mobile banking systems when all I needed was amole... I loved it,5,2024-03-22,Dashen,Google Play,POSITIVE,0.9986721277236938,i dont know why i have been stuck with other mobile banking systems when all i needed was amole i loved it,Other
Special for me,5,2024-03-21,Dashen,Google Play,POSITIVE,0.99954754114151,special for me,Other
Baset app,5,2024-03-20,Dashen,Google Play,POSITIVE,0.9855851531028748,baset app,Other
it is good App,4,2024-03-19,Dashen,Google Play,POSITIVE,0.9998652935028076,it is good app,Other
Nuuroo usmaan gaamilcom,5,2024-03-18,Dashen,Google Play,NEGATIVE,0.9877434968948364,nuuroo usmaan gaamilcom,Other
good,4,2024-03-18,Dashen,Google Play,POSITIVE,0.999816119670868,good,Other
Very good app,5,2024-03-17,Dashen,Google Play,POSITIVE,0.9998675584793092,very good app,Other
Student,5,2024-03-17,Dashen,Google Play,POSITIVE,0.9856825470924376,student,Other
it has a lot of options but it is a slowe while opning by biometric,2,2024-03-17,Dashen,Google Play,NEGATIVE,0.9981617331504822,it has a lot of options but it is a slowe while opning by biometric,Performance
The last update is not working correctly so i stop using this app betam huwala ker new dashen bank needs to work on its digital app teams,5,2024-03-17,Dashen,Google Play,NEGATIVE,0.9997643828392028,the last update is not working correctly so i stop using this app betam huwala ker new dashen bank needs to work on its digital app teams,Other
How to use application,5,2024-03-17,Dashen,Google Play,POSITIVE,0.9884336590766908,how to use application,Other
cooooolllllll,5,2024-03-17,Dashen,Google Play,NEGATIVE,0.918838620185852,cooooolllllll,Other
I prefered you b/cs your service charge is very fair.,5,2024-03-16,Dashen,Google Play,POSITIVE,0.998239040374756,i prefered you bcs your service charge is very fair,Other
Excellent App And Easy To Use Every where.,5,2024-03-16,Dashen,Google Play,POSITIVE,0.999796450138092,excellent app and easy to use every where,UI
ተመችቶናል,4,2024-03-16,Dashen,Google Play,NEGATIVE,0.6970561742782593,,Other
The best app,5,2024-03-16,Dashen,Google Play,POSITIVE,0.9998469352722168,the best app,Other
Well done Dashen Bank.,4,2024-03-16,Dashen,Google Play,POSITIVE,0.9996711015701294,well done dashen bank,Other
Good,5,2024-03-13,Dashen,Google Play,POSITIVE,0.999816119670868,good,Other
"The UI/UX experience is already good, but some minor tweaks in font sizes and color can take it to the top-notch level. Imagine the sheer joy and satisfaction your users will feel when they see the polished and refined interface you've created for them. Don't miss the opportunity to impress them even more with these simple yet impactful changes.",5,2024-03-12,Dashen,Google Play,POSITIVE,0.9997569918632508,the uiux experience is already good but some minor tweaks in font sizes and color can take it to the topnotch level imagine the sheer joy and satisfaction your users will feel when they see the polished and refined interface youve created for them dont miss the opportunity to impress them even more with these simple yet impactful changes,Performance
I m the one here in Dashen bank,5,2024-03-06,Dashen,Google Play,POSITIVE,0.851691722869873,i m the one here in dashen bank,Other
improve more,3,2024-03-04,Dashen,Google Play,POSITIVE,0.9996280670166016,improve more,Other
ለመግባት (login) ቀርፋፋ ነው ።,1,2024-03-04,Dashen,Google Play,NEGATIVE,0.9760472774505616, login   ,Login
I like this,3,2024-03-03,Dashen,Google Play,POSITIVE,0.9998672008514404,i like this,Other
Longin fails repeatedly,3,2024-02-28,Dashen,Google Play,NEGATIVE,0.9996817111968994,longin fails repeatedly,Other
One of the best app I have ever seen it's simple to use,5,2024-02-26,Dashen,Google Play,POSITIVE,0.9996010661125184,one of the best app i have ever seen its simple to use,UI
Personal scored,5,2024-02-25,Dashen,Google Play,POSITIVE,0.9996507167816162,personal scored,Other
Nice app,5,2024-02-24,Dashen,Google Play,POSITIVE,0.9998061060905457,nice app,Other
best app,5,2024-02-24,Dashen,Google Play,POSITIVE,0.999686598777771,best app,Other
Best app,3,2024-02-24,Dashen,Google Play,POSITIVE,0.999686598777771,best app,Other
Good,5,2024-02-24,Dashen,Google Play,POSITIVE,0.999816119670868,good,Other
Welcome,4,2024-02-22,Dashen,Google Play,POSITIVE,0.9998117089271544,welcome,Other
Good,5,2024-02-21,Dashen,Google Play,POSITIVE,0.999816119670868,good,Other
Needs to be underrated. Bad service,1,2024-02-20,Dashen,Google Play,NEGATIVE,0.9994471669197084,needs to be underrated bad service,Other
Easy to use,4,2024-02-15,Dashen,Google Play,POSITIVE,0.9988542795181274,easy to use,UI
Its nice,5,2024-02-12,Dashen,Google Play,POSITIVE,0.999854326248169,its nice,Other
Mudeme,5,2024-02-12,Dashen,Google Play,NEGATIVE,0.999513864517212,mudeme,Other
The upgraded Amole lite app is nice. I’ve loved it. But #USSD CANNOT BE ADJUSTED FOR NEW CUSTOMERS ESPECIALLY THOSE WHO DO NOT HAVE SMARTPHONES. YOU NEED TO IMPROVE THIS ONE,5,2024-02-11,Dashen,Google Play,NEGATIVE,0.6763219237327576,the upgraded amole lite app is nice ive loved it but ussd cannot be adjusted for new customers especially those who do not have smartphones you need to improve this one,Other
Good,1,2024-02-11,Dashen,Google Play,POSITIVE,0.999816119670868,good,Other
Past,5,2024-02-10,Dashen,Google Play,NEGATIVE,0.9876970648765564,past,Other
Nice app,5,2024-02-10,Dashen,Google Play,POSITIVE,0.9998061060905457,nice app,Other
It doesn't work,5,2024-02-09,Dashen,Google Play,NEGATIVE,0.9997813105583192,it doesnt work,Other
Open,1,2024-02-09,Dashen,Google Play,POSITIVE,0.9997945427894592,open,Other
Good app,1,2024-02-08,Dashen,Google Play,POSITIVE,0.9998493194580078,good app,Other
good,5,2024-02-08,Dashen,Google Play,POSITIVE,0.999816119670868,good,Other
Awesome,5,2024-02-06,Dashen,Google Play,POSITIVE,0.9998682737350464,awesome,Other
receipt downloading is not avialable in this version,1,2024-02-05,Dashen,Google Play,NEGATIVE,0.9995287656784058,receipt downloading is not avialable in this version,Other
Good 👍,5,2024-02-04,Dashen,Google Play,POSITIVE,0.9998576641082764,good ,Other
Not reliable!,1,2024-02-04,Dashen,Google Play,NEGATIVE,0.9997972846031188,not reliable,Other
The last update doesn't work when you chose account to send money on lower Android version,1,2024-02-04,Dashen,Google Play,NEGATIVE,0.9993185997009276,the last update doesnt work when you chose account to send money on lower android version,Transfer
Nice app,1,2024-02-03,Dashen,Google Play,POSITIVE,0.9998061060905457,nice app,Other
Exchange rate is not real,5,2024-02-03,Dashen,Google Play,NEGATIVE,0.9997653365135192,exchange rate is not real,Performance
Good,5,2024-02-03,Dashen,Google Play,POSITIVE,0.999816119670868,good,Other
Good Security,5,2024-02-03,Dashen,Google Play,POSITIVE,0.9998112320899964,good security,Other
"It's good app but i can not see the history of transactions on the app and also updated one is not good can't send always says, choose account",5,2024-02-02,Dashen,Google Play,NEGATIVE,0.9947817921638488,its good app but i can not see the history of transactions on the app and also updated one is not good cant send always says choose account,Transfer
Its good,5,2024-02-02,Dashen,Google Play,POSITIVE,0.9998385906219482,its good,Other
Happy day,4,2024-02-01,Dashen,Google Play,POSITIVE,0.999869704246521,happy day,Other
"Disabled taking screenshots so there's no way to share payment confirmation screenshot with people. When you think the app couldn't get any worse, somehow these people find a way to do so.",1,2024-02-01,Dashen,Google Play,NEGATIVE,0.9993744492530824,disabled taking screenshots so theres no way to share payment confirmation screenshot with people when you think the app couldnt get any worse somehow these people find a way to do so,Transfer
Too technical.,1,2024-02-01,Dashen,Google Play,NEGATIVE,0.9996988773345948,too technical,Other
Excellent,5,2024-02-01,Dashen,Google Play,POSITIVE,0.9998434782028198,excellent,Other
🥰🥰🥰🥰,5,2024-02-01,Dashen,Google Play,NEGATIVE,0.6970561742782593,,Other
Fast and secured,5,2024-02-01,Dashen,Google Play,POSITIVE,0.9997352957725524,fast and secured,Other
Good,5,2024-02-01,Dashen,Google Play,POSITIVE,0.999816119670868,good,Other
Good but it need additional work it is slow in respond,3,2024-01-31,Dashen,Google Play,NEGATIVE,0.9883925318717957,good but it need additional work it is slow in respond,Performance
Nice app,5,2024-01-31,Dashen,Google Play,POSITIVE,0.9998061060905457,nice app,Other
My best,5,2024-01-31,Dashen,Google Play,POSITIVE,0.9997593760490416,my best,Other
"l am old customer of dashen bank, i started to use this app almost for five month, in those time i didn't saw any negative on this app, its interesting and you can pay and recieve payment easily. from ethiopian banks i give five star its always seek new technology than ever bank.",5,2024-01-31,Dashen,Google Play,POSITIVE,0.9529341459274292,l am old customer of dashen bank i started to use this app almost for five month in those time i didnt saw any negative on this app its interesting and you can pay and recieve payment easily from ethiopian banks i give five star its always seek new technology than ever bank,Transfer
Its nice please add reprint to get the receit,5,2024-01-31,Dashen,Google Play,POSITIVE,0.9953243732452391,its nice please add reprint to get the receit,Other
Amole 100%,5,2024-01-31,Dashen,Google Play,POSITIVE,0.9951902627944946,amole ,Other
I like it this app,4,2024-01-31,Dashen,Google Play,POSITIVE,0.9997456669807434,i like it this app,Other
Best,5,2024-01-30,Dashen,Google Play,POSITIVE,0.9997941851615906,best,Other
Smart and best always !,5,2024-01-30,Dashen,Google Play,POSITIVE,0.9998660087585448,smart and best always ,Other
Ok,1,2024-01-30,Dashen,Google Play,POSITIVE,0.9997851252555848,ok,Other
Dashed Bank A...,5,2024-01-29,Dashen,Google Play,NEGATIVE,0.9988144636154176,dashed bank a,Other
Best app,5,2024-01-28,Dashen,Google Play,POSITIVE,0.999686598777771,best app,Other
ያማችኋል አይሰራም,1,2024-01-22,Dashen,Google Play,NEGATIVE,0.7850580811500549, ,Other
since i started using this app its speed and reliability is great as well. it incorporates all technologies. I am very impressed with the modern work you are doing with little effort.,5,2024-01-22,Dashen,Google Play,POSITIVE,0.9995009899139404,since i started using this app its speed and reliability is great as well it incorporates all technologies i am very impressed with the modern work you are doing with little effort,Other
"It doesn't work, it keeps saying ""there was a problem submitting your request. Please try again later"" how come banking app service down all the time. It is very irritating.",1,2024-01-17,Dashen,Google Play,NEGATIVE,0.9997333884239196,it doesnt work it keeps saying there was a problem submitting your request please try again later how come banking app service down all the time it is very irritating,Other
Excellent quality Applications Dashen bank for ever,5,2024-01-15,Dashen,Google Play,POSITIVE,0.9995912909507751,excellent quality applications dashen bank for ever,Other
Good,5,2024-01-13,Dashen,Google Play,POSITIVE,0.999816119670868,good,Other
Way,5,2024-01-13,Dashen,Google Play,POSITIVE,0.9972752928733826,way,Other
This is the most ridiculous thing I have ever seen they are on maintenance everyother day,1,2023-12-31,Dashen,Google Play,NEGATIVE,0.9992629885673524,this is the most ridiculous thing i have ever seen they are on maintenance everyother day,Other
Well improved!,4,2023-12-29,Dashen,Google Play,POSITIVE,0.9998608827590942,well improved,Other
Keeps hanging ..,3,2023-12-24,Dashen,Google Play,POSITIVE,0.9495453238487244,keeps hanging ,Performance
It's exceptional,5,2023-12-24,Dashen,Google Play,POSITIVE,0.999876856803894,its exceptional,Other
Dashen Bank Amole Lite essy to use and the connection is fast.,5,2023-12-23,Dashen,Google Play,POSITIVE,0.9969583749771118,dashen bank amole lite essy to use and the connection is fast,Other
Ita fantastic,5,2023-12-23,Dashen,Google Play,POSITIVE,0.9998735189437866,ita fantastic,Other
It is best app,5,2023-12-19,Dashen,Google Play,POSITIVE,0.9997313618659972,it is best app,Other
Top,5,2023-12-18,Dashen,Google Play,POSITIVE,0.9997069239616394,top,Other
Dashen Bank is App 🥰👌,5,2023-12-18,Dashen,Google Play,NEGATIVE,0.931795597076416,dashen bank is app ,Other
<> መፈክራችው እና ስራችው አይገናኝም ። በጣም የሚያስጠላ app ነው። ቀድሞ ያልዘመና ነው በአጠቃላይ ጊዜ እና ገንዘብ የሚያከስር app ነው ። keep our time unless uses this app,1,2023-12-18,Dashen,Google Play,NEGATIVE,0.9792190194129944,        app          app   keep our time unless uses this app,Other
I am very comfortable with the efficiency,5,2023-12-15,Dashen,Google Play,POSITIVE,0.9998661279678344,i am very comfortable with the efficiency,Other
"I tried to use this app for long and failed to do so. Initially, I able to use it even though with difficulty (very slow, need of login and logout) now and then. Then i couldn't use it. I tried to reset with one of the Dashen branch bank but failed",1,2023-12-11,Dashen,Google Play,NEGATIVE,0.9991627931594848,i tried to use this app for long and failed to do so initially i able to use it even though with difficulty very slow need of login and logout now and then then i couldnt use it i tried to reset with one of the dashen branch bank but failed,Performance
⭐️⭐️⭐️⭐️⭐️,5,2023-12-08,Dashen,Google Play,NEGATIVE,0.6970561742782593,,Other
Too slow!,1,2023-12-05,Dashen,Google Play,NEGATIVE,0.9995868802070618,too slow,Performance
a best tecnology appl.,5,2023-11-26,Dashen,Google Play,POSITIVE,0.9997580647468568,a best tecnology appl,Other
This app no working 1 star,1,2023-11-23,Dashen,Google Play,NEGATIVE,0.9996235370635986,this app no working  star,Other
This app works so good. But i don't get it why it never show incoming fund transfer report? Have you notice this?,3,2023-11-23,Dashen,Google Play,NEGATIVE,0.9142472743988036,this app works so good but i dont get it why it never show incoming fund transfer report have you notice this,Transfer
it sስሎው አፕፕ ፕሊስ ቸንግ አንድ ፋሰት,1,2023-11-22,Dashen,Google Play,NEGATIVE,0.9256619811058044,it s     ,Other
There is always room for improvement and an opportunity to adopt! keep improving and keep evolving. I would love to see external services provided by the Amole app to utilize and actively operate our banking account. Option to invest in ideas that could build Ethiopian creativity. Yosef ke Dallas,4,2023-11-22,Dashen,Google Play,POSITIVE,0.9900099635124208,there is always room for improvement and an opportunity to adopt keep improving and keep evolving i would love to see external services provided by the amole app to utilize and actively operate our banking account option to invest in ideas that could build ethiopian creativity yosef ke dallas,Other
"Even though I am a long-time Dashen Bank admirer, I find this app hard to use compared to other banks' mobile apps. It has a problem refreshing account balance, I needed to log out and login to see the updated account balance. Overall, user friendliness of the app needs a serious upgrade. I will improve my rating once problems are addressed.",1,2023-11-22,Dashen,Google Play,NEGATIVE,0.9978729486465454,even though i am a longtime dashen bank admirer i find this app hard to use compared to other banks mobile apps it has a problem refreshing account balance i needed to log out and login to see the updated account balance overall user friendliness of the app needs a serious upgrade i will improve my rating once problems are addressed,Login
Best,5,2023-11-18,Dashen,Google Play,POSITIVE,0.9997941851615906,best,Other
"very fast ,secure and simply to use i like amole",5,2023-11-15,Dashen,Google Play,POSITIVE,0.9991076588630676,very fast secure and simply to use i like amole,Other
Amazing,5,2023-11-13,Dashen,Google Play,POSITIVE,0.999875545501709,amazing,Other
The best of the best app,5,2023-11-12,Dashen,Google Play,POSITIVE,0.999821126461029,the best of the best app,Other
ለአጠቃቀም አመቺ እና ቀላል የሆነ የሞባይል መተግበሪያ ነው ።,5,2023-11-12,Dashen,Google Play,NEGATIVE,0.9322324395179749,        ,Other
It is a reliable and safe application.,5,2023-11-11,Dashen,Google Play,POSITIVE,0.9998156428337096,it is a reliable and safe application,Other
Good,5,2023-11-11,Dashen,Google Play,POSITIVE,0.999816119670868,good,Other
"Best app, it saves traveling cost plus work time forgone. Simply bank in your home and hand 🙏",5,2023-11-11,Dashen,Google Play,POSITIVE,0.9842479228973388,best app it saves traveling cost plus work time forgone simply bank in your home and hand ,Other
It is compatible.,4,2023-11-11,Dashen,Google Play,POSITIVE,0.9997838139533995,it is compatible,Other
It's very good app but always try to open requested update...,4,2023-11-11,Dashen,Google Play,NEGATIVE,0.9434131383895874,its very good app but always try to open requested update,Other
please how can i fix my app it keep saying application error i have tried to uninstall and install again nothing has changed please help,1,2023-11-10,Dashen,Google Play,NEGATIVE,0.9988263249397278,please how can i fix my app it keep saying application error i have tried to uninstall and install again nothing has changed please help,Performance
"It is too slow application than any one of Ethiopian mobile banking apps. Please make it fast, and its feature beautiful. I am a Dashen Bank Customer and user of this app. Thank you.",2,2023-11-10,Dashen,Google Play,POSITIVE,0.9980560541152954,it is too slow application than any one of ethiopian mobile banking apps please make it fast and its feature beautiful i am a dashen bank customer and user of this app thank you,Performance
Best,5,2023-11-09,Dashen,Google Play,POSITIVE,0.9997941851615906,best,Other
Not working sometimes,3,2023-11-09,Dashen,Google Play,NEGATIVE,0.9993667006492616,not working sometimes,Other
The best one of the internet banking apps I've come across in Ethiopia. Only thing I would like to see added is the ability to get a receipt after the payment has been payed or transferred. Since it only gives a receipt right at the moment of payment and after that there is no way to get a receipt.,5,2023-11-08,Dashen,Google Play,POSITIVE,0.9197632670402528,the best one of the internet banking apps ive come across in ethiopia only thing i would like to see added is the ability to get a receipt after the payment has been payed or transferred since it only gives a receipt right at the moment of payment and after that there is no way to get a receipt,Transfer
nice app,4,2023-10-31,Dashen,Google Play,POSITIVE,0.9998061060905457,nice app,Other
Excellent,5,2023-10-28,Dashen,Google Play,POSITIVE,0.9998434782028198,excellent,Other
Best,5,2023-10-21,Dashen,Google Play,POSITIVE,0.9997941851615906,best,Other
ምንድን ነው password 🔑 expired የሚለው,5,2023-10-17,Dashen,Google Play,NEGATIVE,0.9737005233764648,  password  expired ,Login
Worst app ever all it does is load and fail plus your customer service on front are not supporting,1,2023-10-17,Dashen,Google Play,NEGATIVE,0.9998000264167786,worst app ever all it does is load and fail plus your customer service on front are not supporting,Other
Best app I used it,1,2023-10-14,Dashen,Google Play,POSITIVE,0.997042715549469,best app i used it,Other
Faster secure and best international creadite card is the frist bank ethiopian bank to apply prophational card.,5,2023-10-13,Dashen,Google Play,POSITIVE,0.9939363598823548,faster secure and best international creadite card is the frist bank ethiopian bank to apply prophational card,Other
Excllent,5,2023-10-07,Dashen,Google Play,POSITIVE,0.5032481551170349,excllent,Other
This is nice adds that I like it.,5,2023-09-30,Dashen,Google Play,POSITIVE,0.9998762607574464,this is nice adds that i like it,Other
It is simple and fast.,5,2023-09-29,Dashen,Google Play,POSITIVE,0.9998005032539368,it is simple and fast,UI
👏👏👏,4,2023-09-27,Dashen,Google Play,NEGATIVE,0.6970561742782593,,Other
Vary good,2,2023-09-27,Dashen,Google Play,POSITIVE,0.9998520612716676,vary good,Other
Amazing banking app.,5,2023-09-26,Dashen,Google Play,POSITIVE,0.9998632669448853,amazing banking app,Other
Great app,5,2023-09-25,Dashen,Google Play,POSITIVE,0.999821126461029,great app,Other
Best app ever,5,2023-09-10,Dashen,Google Play,POSITIVE,0.9997491240501404,best app ever,Other
Ashabul,5,2023-09-10,Dashen,Google Play,POSITIVE,0.97797292470932,ashabul,Other
Best easy and secure app thank you,5,2023-09-08,Dashen,Google Play,POSITIVE,0.9998018145561218,best easy and secure app thank you,UI
Best app Ever!,5,2023-09-03,Dashen,Google Play,POSITIVE,0.9997780919075012,best app ever,Other
"Why not we can pay bill,directly from main account, difficult to transfer repeatedly.",5,2023-09-02,Dashen,Google Play,NEGATIVE,0.999219298362732,why not we can pay billdirectly from main account difficult to transfer repeatedly,Transfer
"Aside of some of it's major flows, the worst one yet is that it doesn't give you the full detail of your transaction history. Like the receiver's name and account number. You've to take a screenshot to document it or send it to the receiver as a confirmation.",2,2023-09-02,Dashen,Google Play,NEGATIVE,0.9997442364692688,aside of some of its major flows the worst one yet is that it doesnt give you the full detail of your transaction history like the receivers name and account number youve to take a screenshot to document it or send it to the receiver as a confirmation,Transfer
Good app for use simple and easy,5,2023-09-01,Dashen,Google Play,POSITIVE,0.9996581077575684,good app for use simple and easy,UI
ባጠቃላይ ባንኩ እወደዋለሁኝ,5,2023-08-31,Dashen,Google Play,NEGATIVE,0.8337249755859375,  ,Other
"Like your slogan, you are one step ahead.",5,2023-08-31,Dashen,Google Play,POSITIVE,0.9997902512550354,like your slogan you are one step ahead,Other
Good,5,2023-08-31,Dashen,Google Play,POSITIVE,0.999816119670868,good,Other
Loved,5,2023-08-30,Dashen,Google Play,POSITIVE,0.999881386756897,loved,Other
Very good app and secured,5,2023-08-28,Dashen,Google Play,POSITIVE,0.9998586177825928,very good app and secured,Other
This app is so simple to use and secured. But while generating receipt or ደረሰኝ its required additional app XML viewer or PDF conversion app. Why? Can we view the receipt through jpg viewers?,4,2023-08-26,Dashen,Google Play,NEGATIVE,0.9978798627853394,this app is so simple to use and secured but while generating receipt or  its required additional app xml viewer or pdf conversion app why can we view the receipt through jpg viewers,UI
Not too bad,3,2023-08-19,Dashen,Google Play,POSITIVE,0.9989666938781738,not too bad,Other
Teribble need a lot of work to improve,1,2023-08-19,Dashen,Google Play,NEGATIVE,0.9899706244468688,teribble need a lot of work to improve,Other
ok,5,2023-08-19,Dashen,Google Play,POSITIVE,0.9997851252555848,ok,Other
ምርጥየ,5,2023-08-18,Dashen,Google Play,NEGATIVE,0.6970561742782593,,Other
Baheru ጭስ,2,2023-08-16,Dashen,Google Play,NEGATIVE,0.7803633809089661,baheru ,Other
Wawu,5,2023-08-12,Dashen,Google Play,POSITIVE,0.573069155216217,wawu,Other
Thank Dashen bank,5,2023-08-12,Dashen,Google Play,POSITIVE,0.9997907280921936,thank dashen bank,Other
good,1,2023-08-12,Dashen,Google Play,POSITIVE,0.999816119670868,good,Other
Good,4,2023-08-11,Dashen,Google Play,POSITIVE,0.999816119670868,good,Other
Simple and secured,5,2023-08-10,Dashen,Google Play,POSITIVE,0.9997952580451964,simple and secured,UI
its nice and easg to use.Also its unique part is very fast,5,2023-08-10,Dashen,Google Play,POSITIVE,0.999683141708374,its nice and easg to usealso its unique part is very fast,Other
It's just ewww the app overall,2,2023-08-10,Dashen,Google Play,NEGATIVE,0.9976047277450562,its just ewww the app overall,Other
Love it,5,2023-08-09,Dashen,Google Play,POSITIVE,0.99987530708313,love it,Other
Good App.,5,2023-08-09,Dashen,Google Play,POSITIVE,0.9998503923416138,good app,Other
Good,5,2023-08-05,Dashen,Google Play,POSITIVE,0.999816119670868,good,Other
Its good,5,2023-08-05,Dashen,Google Play,POSITIVE,0.9998385906219482,its good,Other
Simplify.,5,2023-08-01,Dashen,Google Play,POSITIVE,0.9969447255134584,simplify,Other
Amazing,5,2023-08-01,Dashen,Google Play,POSITIVE,0.999875545501709,amazing,Other
"Abel Balcha, and Abel Solomon, sad to say what is annoying is to read your comment about password. Your comments on password tell your limited knowledge about digital security. Both comments goes against strong security policies; It is meant to protect your assets. Don't be careless on it. Reconsider your review. In a way you are telling how secure this app is. I hope Dashen will respond to disqualify your review points. It is just not fair.",4,2023-07-30,Dashen,Google Play,NEGATIVE,0.9915285110473632,abel balcha and abel solomon sad to say what is annoying is to read your comment about password your comments on password tell your limited knowledge about digital security both comments goes against strong security policies it is meant to protect your assets dont be careless on it reconsider your review in a way you are telling how secure this app is i hope dashen will respond to disqualify your review points it is just not fair,Login
good👍,4,2023-07-28,Dashen,Google Play,NEGATIVE,0.6970561742782593,good,Other
Best,5,2023-07-27,Dashen,Google Play,POSITIVE,0.9997941851615906,best,Other
good app,5,2023-07-27,Dashen,Google Play,POSITIVE,0.9998493194580078,good app,Other
"I really enjoy this app because by doing anything it could remind me and saying you logged in with this app, if is not you contact this number.. So I like it",5,2023-07-23,Dashen,Google Play,POSITIVE,0.9993361830711364,i really enjoy this app because by doing anything it could remind me and saying you logged in with this app if is not you contact this number so i like it,Other
Tell 6836,1,2023-07-22,Dashen,Google Play,NEGATIVE,0.9464446902275084,tell ,Other
"The login should be auto filled,",3,2023-07-20,Dashen,Google Play,NEGATIVE,0.9990450739860536,the login should be auto filled,Login
Good,5,2023-07-20,Dashen,Google Play,POSITIVE,0.999816119670868,good,Other
የአንድ ጊዜ ምስጥር ቁጥር ቶሎ አይመጣም ብዙ ሰዓት ያስጠብቃል ማሻሻያ ይደረግ,2,2023-07-20,Dashen,Google Play,NEGATIVE,0.9445853233337402,          ,Other
Good app,4,2023-07-18,Dashen,Google Play,POSITIVE,0.9998493194580078,good app,Other
Used balance check app,5,2023-07-14,Dashen,Google Play,NEGATIVE,0.9891077280044556,used balance check app,Other
Nice so perfect,5,2023-07-06,Dashen,Google Play,POSITIVE,0.9998693466186525,nice so perfect,Other
It is easy to use,5,2023-07-04,Dashen,Google Play,POSITIVE,0.9991773962974548,it is easy to use,UI
This appi is 👍Good,3,2023-06-09,Dashen,Google Play,NEGATIVE,0.9003690481185913,this appi is good,Other
ጥሩ ነው ግን chrom ላይ password save አድርጎ ያቆያል,5,2023-06-09,Dashen,Google Play,NEGATIVE,0.9879748821258544,   chrom  password save  ,Login
Thankz,3,2023-06-08,Dashen,Google Play,POSITIVE,0.9998202919960022,thankz,Other
Why should change password it's not good if ur client forget password it can be exhausted for client,2,2023-06-08,Dashen,Google Play,NEGATIVE,0.9995655417442322,why should change password its not good if ur client forget password it can be exhausted for client,Performance
OTP not send on time while processing any transactions by this app.,4,2023-06-07,Dashen,Google Play,NEGATIVE,0.9874594211578368,otp not send on time while processing any transactions by this app,Login
Good app,5,2023-06-06,Dashen,Google Play,POSITIVE,0.9998493194580078,good app,Other
"It is simple to use, one annoying thing is, it demands you to change passward frequently and then, when we get confused which passward we used last time, it locks you out, if you put wrong passward and then tells to go to your bank, which may be miles away. Please make the frequency of passward change less frequent.",2,2023-06-06,Dashen,Google Play,NEGATIVE,0.994956076145172,it is simple to use one annoying thing is it demands you to change passward frequently and then when we get confused which passward we used last time it locks you out if you put wrong passward and then tells to go to your bank which may be miles away please make the frequency of passward change less frequent,Performance
good upp,1,2023-06-06,Dashen,Google Play,POSITIVE,0.9998412132263184,good upp,Other
best,5,2023-06-05,Dashen,Google Play,POSITIVE,0.9997941851615906,best,Other
Five star,5,2023-05-26,Dashen,Google Play,POSITIVE,0.9985104203224182,five star,Other
It's amazing app use it!,5,2023-05-21,Dashen,Google Play,POSITIVE,0.9998551607131958,its amazing app use it,Other
"I really enjoy using the amole app simple and easy. I hope the developers add card management services like change your pin, disable card and so on other than that I enjoy using amole it's great 👍",5,2023-05-16,Dashen,Google Play,POSITIVE,0.9974088072776794,i really enjoy using the amole app simple and easy i hope the developers add card management services like change your pin disable card and so on other than that i enjoy using amole its great ,Performance
I can't update amole lite and when I try to use the old version it can't log on to my account.,3,2023-05-13,Dashen,Google Play,NEGATIVE,0.999097466468811,i cant update amole lite and when i try to use the old version it cant log on to my account,Other
It's good and easy to user from any branch. I say Continue ahead,5,2023-05-10,Dashen,Google Play,POSITIVE,0.9998160004615784,its good and easy to user from any branch i say continue ahead,UI
Good app,5,2023-05-06,Dashen,Google Play,POSITIVE,0.9998493194580078,good app,Other
ፈጣን እና ምርጥ ባንክ ነው mobile banking ደሞ በታም ኣሪፍ አና ተሎ የሚደርስ ከሌላ bank የተለየ ነው ቀጥሉበት ፡፡ እናመሰግናለን,5,2023-05-05,Dashen,Google Play,NEGATIVE,0.949919819831848,     mobile banking        bank     ,Other
Best,5,2023-05-04,Dashen,Google Play,POSITIVE,0.9997941851615906,best,Other
Best app,5,2023-04-28,Dashen,Google Play,POSITIVE,0.999686598777771,best app,Other
This app is not expected from a bank that says they are pioneer in adapting technology.its user interface is worst than other bank its not intuitive at all .it needs lots of work,3,2023-04-28,Dashen,Google Play,NEGATIVE,0.9996604919433594,this app is not expected from a bank that says they are pioneer in adapting technologyits user interface is worst than other bank its not intuitive at all it needs lots of work,UI
Good,5,2023-04-18,Dashen,Google Play,POSITIVE,0.999816119670868,good,Other
best,5,2023-04-13,Dashen,Google Play,POSITIVE,0.9997941851615906,best,Other
Best Application,5,2023-04-08,Dashen,Google Play,POSITIVE,0.9998098015785216,best application,Other
Ok,5,2023-04-01,Dashen,Google Play,POSITIVE,0.9997851252555848,ok,Other
ለ ንግድ ስራ yamehon 6 war yamemalsew tenshe bedr eflgalhu,4,2023-03-29,Dashen,Google Play,NEGATIVE,0.983790934085846,   yamehon  war yamemalsew tenshe bedr eflgalhu,Other
It`s good.but the transaction fee to other bank is too much,3,2023-03-28,Dashen,Google Play,NEGATIVE,0.9966993927955629,its goodbut the transaction fee to other bank is too much,Transfer
Best,5,2023-03-27,Dashen,Google Play,POSITIVE,0.9997941851615906,best,Other
Gaariidha!!!,5,2023-03-26,Dashen,Google Play,POSITIVE,0.997234046459198,gaariidha,Other
Good app it is useful for business activities .,5,2023-03-25,Dashen,Google Play,POSITIVE,0.9994930028915404,good app it is useful for business activities ,Other
Good app,5,2023-03-25,Dashen,Google Play,POSITIVE,0.9998493194580078,good app,Other
Like,5,2023-03-24,Dashen,Google Play,POSITIVE,0.9910564422607422,like,Other
Nice app,4,2023-03-22,Dashen,Google Play,POSITIVE,0.9998061060905457,nice app,Other
Account is locked out without any wrong password retries 3 times. Sending OTP is unnecessary because it has its own username and password.we can not make transfer without having SIM card on hands.if it require SIM card why we not use USSD no need of app instead .it makes discomfort for using,3,2023-03-20,Dashen,Google Play,NEGATIVE,0.9987782835960388,account is locked out without any wrong password retries  times sending otp is unnecessary because it has its own username and passwordwe can not make transfer without having sim card on handsif it require sim card why we not use ussd no need of app instead it makes discomfort for using,Login
Good and reliable service,5,2023-03-19,Dashen,Google Play,POSITIVE,0.9998660087585448,good and reliable service,Other
"Best app I have ever seen woderfull, always one step ahead.",5,2023-03-19,Dashen,Google Play,POSITIVE,0.9996339082717896,best app i have ever seen woderfull always one step ahead,Other
Good apps,5,2023-03-19,Dashen,Google Play,POSITIVE,0.9998608827590942,good apps,Other
Good application for people needs,5,2023-03-18,Dashen,Google Play,POSITIVE,0.9997090697288512,good application for people needs,Other
What the hell are you doing. How can you release an app update and completely ruin everything. I can even login to begin with. You took it from a 5 to a 1.,1,2023-03-18,Dashen,Google Play,NEGATIVE,0.999756634235382,what the hell are you doing how can you release an app update and completely ruin everything i can even login to begin with you took it from a  to a ,Login
comfortable,5,2023-03-18,Dashen,Google Play,POSITIVE,0.9998550415039062,comfortable,Other
Really what amazing application whcih easily friendly and convinant more finally I would like to say it alawyas updated and modified many times it lacks consistancy.,5,2023-03-13,Dashen,Google Play,POSITIVE,0.9274626970291138,really what amazing application whcih easily friendly and convinant more finally i would like to say it alawyas updated and modified many times it lacks consistancy,Other
Good,5,2023-03-09,Dashen,Google Play,POSITIVE,0.999816119670868,good,Other
This is good app,4,2023-03-08,Dashen,Google Play,POSITIVE,0.9998615980148317,this is good app,Other
Best mobile bank in Ethiopia i can access this service through different way. I love it,5,2023-02-27,Dashen,Google Play,POSITIVE,0.9997219443321228,best mobile bank in ethiopia i can access this service through different way i love it,Login
Wow,5,2023-02-23,Dashen,Google Play,POSITIVE,0.999592125415802,wow,Other
You have made the app more user friendly and easier to access any informantion. Great work from the developers. 👏👏👏,5,2023-02-18,Dashen,Google Play,POSITIVE,0.9986612796783448,you have made the app more user friendly and easier to access any informantion great work from the developers ,Login
"It is easy to use, fast and secure. I love it keep up the good work!",5,2023-02-15,Dashen,Google Play,POSITIVE,0.9998844861984252,it is easy to use fast and secure i love it keep up the good work,UI
Wow,4,2023-02-13,Dashen,Google Play,POSITIVE,0.999592125415802,wow,Other
"Secure,Fast and Easy👍",5,2023-02-10,Dashen,Google Play,POSITIVE,0.9996066689491272,securefast and easy,UI
Dashin Bank,5,2023-02-05,Dashen,Google Play,POSITIVE,0.9924732446670532,dashin bank,Other
It's good thanks you,5,2023-02-05,Dashen,Google Play,POSITIVE,0.9998435974121094,its good thanks you,Other
"Its very easy and usefull app,keep it up your good service.",5,2023-02-02,Dashen,Google Play,POSITIVE,0.99919456243515,its very easy and usefull appkeep it up your good service,UI
Excellent,5,2023-01-30,Dashen,Google Play,POSITIVE,0.9998434782028198,excellent,Other
It's very good,5,2023-01-25,Dashen,Google Play,POSITIVE,0.9998470544815063,its very good,Other
Good App,1,2023-01-20,Dashen,Google Play,POSITIVE,0.9998493194580078,good app,Other
Malif kani yeroo yerodhani update gafat kuni imo rakisadha,2,2023-01-19,Dashen,Google Play,NEGATIVE,0.8525938987731934,malif kani yeroo yerodhani update gafat kuni imo rakisadha,Other
ይመቻል,5,2023-01-10,Dashen,Google Play,NEGATIVE,0.6970561742782593,,Other
Nice app,5,2023-01-10,Dashen,Google Play,POSITIVE,0.9998061060905457,nice app,Other
"This version is better from the previous one, it's speed is admirable!",4,2023-01-01,Dashen,Google Play,POSITIVE,0.9998633861541748,this version is better from the previous one its speed is admirable,Other
Good app.,5,2022-12-30,Dashen,Google Play,POSITIVE,0.9998503923416138,good app,Other
Thanks for this application,5,2022-12-29,Dashen,Google Play,POSITIVE,0.9997004270553588,thanks for this application,Other
Abin kun hedduu midhagadhaa 👍😍,5,2022-12-28,Dashen,Google Play,NEGATIVE,0.9538559317588806,abin kun hedduu midhagadhaa ,Other
It is very good,5,2022-12-28,Dashen,Google Play,POSITIVE,0.9998561143875122,it is very good,Other
Doesn't open.,1,2022-12-24,Dashen,Google Play,NEGATIVE,0.9997373223304749,doesnt open,Other
Why is not working,3,2022-12-18,Dashen,Google Play,NEGATIVE,0.9996384382247924,why is not working,Other
It's nice app tanks befor.,5,2022-12-18,Dashen,Google Play,POSITIVE,0.9994992017745972,its nice app tanks befor,Other
Nice,5,2022-12-16,Dashen,Google Play,POSITIVE,0.9998552799224854,nice,Other
"It's a good app. I like the summery it gives after every transaction. The problem is its asking me to update, when I try to update, it won't.",4,2022-12-15,Dashen,Google Play,POSITIVE,0.9982465505599976,its a good app i like the summery it gives after every transaction the problem is its asking me to update when i try to update it wont,Transfer
It is helpful for my transactions.,5,2022-12-13,Dashen,Google Play,POSITIVE,0.997821807861328,it is helpful for my transactions,Transfer
Fantastic app,5,2022-12-13,Dashen,Google Play,POSITIVE,0.999858856201172,fantastic app,Other
"It is nice app, secure. The problem is, it can not remember accounts I have previously transferred to. I have to manually enter account number every time I want to make transfers. The CBE app remembers previously used accounts. Learn from them.",4,2022-12-09,Dashen,Google Play,POSITIVE,0.9664819240570068,it is nice app secure the problem is it can not remember accounts i have previously transferred to i have to manually enter account number every time i want to make transfers the cbe app remembers previously used accounts learn from them,Transfer
It's a great app,5,2022-12-08,Dashen,Google Play,POSITIVE,0.999862790107727,its a great app,Other
Bad app,5,2022-12-07,Dashen,Google Play,NEGATIVE,0.9997212290763856,bad app,Other
