review,rating,date,bank,source,sentiment_label,sentiment_score
yoroo namaste 🙏 ♥️ ❤️ 💖 💖,5,2026-05-14,CBE,Google Play,NEGATIVE,0.8904678821563721
incredible,5,2026-05-14,CBE,Google Play,POSITIVE,0.9998753070831299
best app for financial sector,5,2026-05-14,CBE,Google Play,POSITIVE,0.9991656541824341
it's a good application,5,2026-05-13,CBE,Google Play,POSITIVE,0.9998661279678345
thank you cbe,5,2026-05-13,CBE,Google Play,POSITIVE,0.9997555613517761
is good,5,2026-05-13,CBE,Google Play,POSITIVE,0.9998394250869751
wow,5,2026-05-13,CBE,Google Play,POSITIVE,0.999592125415802
Good application,2,2026-05-13,CBE,Google Play,POSITIVE,0.999854564666748
"Nice, but I can't get some recently transactions. please try to keep all history scrolling full visibility done.",5,2026-05-13,CBE,Google Play,NEGATIVE,0.9879258871078491
Very Secure but very poor interface and limited history service. The new colorful version is worst. Visibility and contrast are low. It is just my idea.,1,2026-05-13,CBE,Google Play,NEGATIVE,0.9997770190238953
very nice 100%,5,2026-05-13,CBE,Google Play,POSITIVE,0.9998635053634644
good,5,2026-05-12,CBE,Google Play,POSITIVE,0.9998161196708679
Good to use,5,2026-05-12,CBE,Google Play,POSITIVE,0.9998455047607422
cbe,1,2026-05-12,CBE,Google Play,POSITIVE,0.9966009855270386
Cbe,4,2026-05-11,CBE,Google Play,POSITIVE,0.9966009855270386
best and secured,5,2026-05-11,CBE,Google Play,POSITIVE,0.9998188614845276
best,5,2026-05-11,CBE,Google Play,POSITIVE,0.9997941851615906
ok,5,2026-05-11,CBE,Google Play,POSITIVE,0.9997851252555847
good,5,2026-05-10,CBE,Google Play,POSITIVE,0.9998161196708679
why is my transaction fee hidden? Why doesn't the app show some of the transaction fees before. eg vat 15% show it togather before confirmation not after it feels like a scam.,3,2026-05-10,CBE,Google Play,NEGATIVE,0.9988546371459961
Gal✅😶‍🌫️,1,2026-05-10,CBE,Google Play,NEGATIVE,0.6970561742782593
posetive,5,2026-05-10,CBE,Google Play,POSITIVE,0.9818595051765442
እ. በ. ጥ. ነው,5,2026-05-10,CBE,Google Play,NEGATIVE,0.948600709438324
good,5,2026-05-09,CBE,Google Play,POSITIVE,0.9998161196708679
It is usefull app,5,2026-05-09,CBE,Google Play,POSITIVE,0.9959065914154053
this app is so functional for airtime for wallet and,5,2026-05-09,CBE,Google Play,NEGATIVE,0.9154265522956848
very amazing app,5,2026-05-09,CBE,Google Play,POSITIVE,0.9998725652694702
excellent service,5,2026-05-09,CBE,Google Play,POSITIVE,0.9998576641082764
There is a a problem when updating the app,3,2026-05-09,CBE,Google Play,NEGATIVE,0.9989816546440125
Cbe,3,2026-05-09,CBE,Google Play,POSITIVE,0.9966009855270386
smart app,4,2026-05-08,CBE,Google Play,POSITIVE,0.999789297580719
best,5,2026-05-08,CBE,Google Play,POSITIVE,0.9997941851615906
"Internet Based mobile app for CBEBirr A Internet Based mobile app for CBEBirr. With the new Internet based CBEBirr Mobile App you can make every operations applicable via the USSD version of CBEBirr. This app version is the latest version branded as CBEBirr Plus, CBEBirr+, CBE Birr +, or CBE Birr plus.",1,2026-05-08,CBE,Google Play,NEGATIVE,0.9887335300445557
CBE it's my excellent choice,5,2026-05-08,CBE,Google Play,POSITIVE,0.9997592568397522
Good,5,2026-05-08,CBE,Google Play,POSITIVE,0.9998161196708679
fast and time saving...,5,2026-05-08,CBE,Google Play,POSITIVE,0.9994866847991943
ok,5,2026-05-08,CBE,Google Play,POSITIVE,0.9997851252555847
ok,5,2026-05-07,CBE,Google Play,POSITIVE,0.9997851252555847
yesisgood,5,2026-05-07,CBE,Google Play,POSITIVE,0.9984375834465027
so good,5,2026-05-07,CBE,Google Play,POSITIVE,0.999841570854187
"The app is getting worse and worse after every ""update"". The UI is inconsistent, you haven't fixed the issue with Mpesa wallet transfer ( the ""begin 0, end 1, length 0"" error after ever transfer attempt) ; now the tellbirr transfer raises ""Bucket override O-10094"" error. Test your work FULLY before release.",3,2026-05-07,CBE,Google Play,NEGATIVE,0.9996129870414734
iam happy excellent app,5,2026-05-07,CBE,Google Play,POSITIVE,0.9998611211776733
is not work properly !!,3,2026-05-06,CBE,Google Play,NEGATIVE,0.9997790455818176
አሪፍ አፕ ነው ገራሚ ሁኖ አግኝቼዋለሁ,5,2026-05-06,CBE,Google Play,NEGATIVE,0.9046947360038757
When I update this app there isn't working,1,2026-05-06,CBE,Google Play,NEGATIVE,0.9995754361152649
thanks you so much 👍 okay I am going to be like in,5,2026-05-05,CBE,Google Play,POSITIVE,0.9997941851615906
Best ever,1,2026-05-05,CBE,Google Play,POSITIVE,0.999841570854187
features በጣም ወድጄዋለሁ ነገር ግን አንድ ችግር አይቼዋለሁ ።APPU DELETE በሆነ ጊዜ ቅርንጫፍ ማመላለሱና MB APPLICATION FORMAT ላይ በየጊዜው መፈረሙ አንድ ለባንኩ ወጪ ነው ሁለት ለደንበኞች Inconvenience ይፈጥራል አስተካክሉ,4,2026-05-05,CBE,Google Play,NEGATIVE,0.9980064034461975
best,5,2026-05-05,CBE,Google Play,POSITIVE,0.9997941851615906
goood g,5,2026-05-05,CBE,Google Play,NEGATIVE,0.9891290664672852
I like so much,5,2026-05-05,CBE,Google Play,POSITIVE,0.9998633861541748
This app has never been efficient at all,1,2026-05-04,CBE,Google Play,NEGATIVE,0.9997796416282654
nice app.,5,2026-05-04,CBE,Google Play,POSITIVE,0.9998321533203125
"While the option to create or cancel standing orders has been added, it is not functional. Similarly, adding a new beneficiary is also not working. Please fix.",2,2026-05-04,CBE,Google Play,NEGATIVE,0.9998015761375427
Wonderful App ❤️❤️❤️ I love it,5,2026-05-04,CBE,Google Play,POSITIVE,0.9998841285705566
i like it,5,2026-05-04,CBE,Google Play,POSITIVE,0.9998593330383301
best,4,2026-05-04,CBE,Google Play,POSITIVE,0.9997941851615906
vary good app,5,2026-05-04,CBE,Google Play,POSITIVE,0.9998146891593933
good,5,2026-05-04,CBE,Google Play,POSITIVE,0.9998161196708679
nice,5,2026-05-03,CBE,Google Play,POSITIVE,0.9998552799224854
easy to use but hard to find easily,4,2026-05-03,CBE,Google Play,NEGATIVE,0.988560140132904
fixed problem,4,2026-05-03,CBE,Google Play,NEGATIVE,0.9913551211357117
በእውነት የሚገርም app ነው ነገሮችን ሁሉ ቀለል ያደርጋል,5,2026-05-03,CBE,Google Play,NEGATIVE,0.9388996958732605
good,5,2026-05-03,CBE,Google Play,POSITIVE,0.9998161196708679
best app,5,2026-05-03,CBE,Google Play,POSITIVE,0.999686598777771
Good Application,5,2026-05-02,CBE,Google Play,POSITIVE,0.999854564666748
Good app,1,2026-05-02,CBE,Google Play,POSITIVE,0.9998493194580078
መስተካከል አለብት ብዩ አስታየት የም ሰጠው አካውንንት በስም ሲፈለግ mr ብሎ ቀጣይ ስም ለመፃፍ እስፔስም አይፈቅድ ቀጣዩ ፊደልም ሲፃፍ አይፅፍም ይሄ ቢስተካከል ይበልጥ ቀላል የረገዋል ብዩ አስበለው,4,2026-05-02,CBE,Google Play,NEGATIVE,0.9670157432556152
why it alaways asked me to update every second when I log in.,1,2026-05-01,CBE,Google Play,NEGATIVE,0.9971964359283447
pls update my cbe mobile banking,5,2026-05-01,CBE,Google Play,NEGATIVE,0.9723127484321594
good,5,2026-05-01,CBE,Google Play,POSITIVE,0.9998161196708679
"Easy, secure and user friend",5,2026-05-01,CBE,Google Play,POSITIVE,0.9988741278648376
nice,5,2026-05-01,CBE,Google Play,POSITIVE,0.9998552799224854
hiote tegayede,5,2026-05-01,CBE,Google Play,POSITIVE,0.8946158289909363
misraqe,1,2026-04-30,CBE,Google Play,NEGATIVE,0.9931067824363708
excellent app,5,2026-04-30,CBE,Google Play,POSITIVE,0.9998356103897095
usefull app,5,2026-04-30,CBE,Google Play,POSITIVE,0.9953721165657043
nice bank,4,2026-04-30,CBE,Google Play,POSITIVE,0.9998055100440979
good 👍,5,2026-04-30,CBE,Google Play,POSITIVE,0.9998576641082764
it's no functional problem,5,2026-04-30,CBE,Google Play,NEGATIVE,0.9982454776763916
Tamam Yunus Guddata,5,2026-04-30,CBE,Google Play,NEGATIVE,0.9828091263771057
good,5,2026-04-30,CBE,Google Play,POSITIVE,0.9998161196708679
It's not working after the update it doesn't open at all,1,2026-04-30,CBE,Google Play,NEGATIVE,0.9997859597206116
nice,5,2026-04-29,CBE,Google Play,POSITIVE,0.9998552799224854
excellent app,5,2026-04-29,CBE,Google Play,POSITIVE,0.9998356103897095
Good,5,2026-04-29,CBE,Google Play,POSITIVE,0.9998161196708679
CBE not compare to others,5,2026-04-29,CBE,Google Play,NEGATIVE,0.9168756604194641
good,5,2026-04-29,CBE,Google Play,POSITIVE,0.9998161196708679
nice app thanks,5,2026-04-29,CBE,Google Play,POSITIVE,0.9998416900634766
Great,5,2026-04-29,CBE,Google Play,POSITIVE,0.9998630285263062
good service,5,2026-04-29,CBE,Google Play,POSITIVE,0.9998499155044556
"It is so good,and easy to use.",5,2026-04-28,CBE,Google Play,POSITIVE,0.9998791217803955
great app,5,2026-04-28,CBE,Google Play,POSITIVE,0.999821126461029
update is not downgrade. its literally not working,1,2026-04-28,CBE,Google Play,NEGATIVE,0.9936172962188721
Please consider optimizing the app for Huawei Mobile Services (HMS). It doesn't work after the update.,1,2026-04-28,CBE,Google Play,NEGATIVE,0.9996885061264038
please use the cute ui as a professional developer,3,2026-04-28,CBE,Google Play,POSITIVE,0.9969793558120728
Daily Of the day Transfer Limit Restriction If there wasn't If it didn't have Very Extremely Happy We would be.,4,2026-04-28,CBE,Google Play,NEGATIVE,0.9949807524681091
best,5,2026-04-28,CBE,Google Play,POSITIVE,0.9997941851615906
Amazing,5,2026-04-28,CBE,Google Play,POSITIVE,0.999875545501709
it's better than before,4,2026-04-28,CBE,Google Play,POSITIVE,0.9998137354850769
worst apk for a big bank,1,2026-04-28,CBE,Google Play,NEGATIVE,0.9997958540916443
doesn't work properly with safaricom network.,1,2026-04-28,CBE,Google Play,NEGATIVE,0.9997656941413879
"The app forcefully made me an update, since then every time I try to make a payment it keeps bugging and failing non stop. please fix that . this is a big company not a start up .",1,2026-04-28,CBE,Google Play,NEGATIVE,0.9995286464691162
good,5,2026-04-28,CBE,Google Play,POSITIVE,0.9998161196708679
I found that when i am using safaricom network the app keeps crashing a lot and not working and as soon as i change the network it will work smoothly so make is a lot compatible with the safaricom network service.,3,2026-04-28,CBE,Google Play,POSITIVE,0.9555947184562683
go ahead,5,2026-04-28,CBE,Google Play,POSITIVE,0.999769389629364
nice,5,2026-04-27,CBE,Google Play,POSITIVE,0.9998552799224854
i like it,5,2026-04-27,CBE,Google Play,POSITIVE,0.9998593330383301
ok,5,2026-04-27,CBE,Google Play,POSITIVE,0.9997851252555847
Good,5,2026-04-27,CBE,Google Play,POSITIVE,0.9998161196708679
cbe mobile app best app,5,2026-04-27,CBE,Google Play,POSITIVE,0.998684823513031
"easy for use,and good privacy",4,2026-04-27,CBE,Google Play,POSITIVE,0.9994780421257019
amazing,5,2026-04-27,CBE,Google Play,POSITIVE,0.999875545501709
i really judged this app. 99% were profit exclusive for others only with organization benefit.,1,2026-04-27,CBE,Google Play,NEGATIVE,0.9830779433250427
unable to use it is not performed well,1,2026-04-27,CBE,Google Play,NEGATIVE,0.9997864365577698
ወከቀቀ,5,2026-04-26,CBE,Google Play,NEGATIVE,0.6970561742782593
Nice,5,2026-04-26,CBE,Google Play,POSITIVE,0.9998552799224854
This app is very good and helpful I am Happy working with cbe mobile banking tanx all members and I am ready invite all my family and friends ❤️,5,2026-04-26,CBE,Google Play,POSITIVE,0.9998387098312378
Samsung A-5360 is not my device and i did not opened by this,5,2026-04-26,CBE,Google Play,NEGATIVE,0.9985318183898926
notwork totransferto other,1,2026-04-26,CBE,Google Play,NEGATIVE,0.9960225820541382
good,5,2026-04-26,CBE,Google Play,POSITIVE,0.9998161196708679
የCommercial Bank of Ethiopia ሞባይል ባንኪንግ አገልግሎት በአጠቃላይ ጠቃሚ ነው፣ ግን አንድ ችግር አጋጥሞኛል። የሂሳብ ቁጥር በምናስገባበት ሳጥን ላይ “Mr” ወይም “Mrs” ከሚለው ቀጥሎ ያለውን ስም ለማስገባት ስፔስ (space) መጠቀም አይቻልም። ይህ ተጠቃሚዎችን ስም ትክክለኛ ለማስገባት እንዲቸገሩ ያደርጋል። እባክዎ በዚህ ክፍል ስፔስ መጠቀም እንዲቻል ወይም የስም መሙያ ስርዓቱን እንዲሻሻል ቢያደርጉ በጣም ጥሩ ይሆናል።,4,2026-04-26,CBE,Google Play,NEGATIVE,0.9334600567817688
🫶👍🙏,5,2026-04-26,CBE,Google Play,NEGATIVE,0.6970561742782593
ok,5,2026-04-26,CBE,Google Play,POSITIVE,0.9997851252555847
good,5,2026-04-25,CBE,Google Play,POSITIVE,0.9998161196708679
I am very comfortable because we can easily access various transfer services that we used to have to go to the bank.,5,2026-04-25,CBE,Google Play,POSITIVE,0.9990236759185791
ok,5,2026-04-25,CBE,Google Play,POSITIVE,0.9997851252555847
good app,5,2026-04-25,CBE,Google Play,POSITIVE,0.9998493194580078
i am so happy,5,2026-04-25,CBE,Google Play,POSITIVE,0.9998812675476074
The recent update is trash. I couldn't refresh the page. It's not even trying to sync. Please fix the bug and release a clean version.,1,2026-04-25,CBE,Google Play,NEGATIVE,0.9996129870414734
good job,5,2026-04-25,CBE,Google Play,POSITIVE,0.999835729598999
I'm from Ethiopia and proud of CBE service app.,5,2026-04-25,CBE,Google Play,POSITIVE,0.9996950626373291
I am successful with app,5,2026-04-25,CBE,Google Play,POSITIVE,0.9998397827148438
everything is boaring the previous one is good,1,2026-04-25,CBE,Google Play,POSITIVE,0.999785840511322
best,5,2026-04-25,CBE,Google Play,POSITIVE,0.9997941851615906
good,5,2026-04-24,CBE,Google Play,POSITIVE,0.9998161196708679
good app but it needs more languages do it with more than four languages,5,2026-04-24,CBE,Google Play,NEGATIVE,0.9735730290412903
good work,5,2026-04-24,CBE,Google Play,POSITIVE,0.9998413324356079
ok,5,2026-04-24,CBE,Google Play,POSITIVE,0.9997851252555847
wow app.The developers make improvements every time.,5,2026-04-24,CBE,Google Play,POSITIVE,0.9996693134307861
nice and perfect,5,2026-04-24,CBE,Google Play,POSITIVE,0.9998654127120972
best experience,5,2026-04-24,CBE,Google Play,POSITIVE,0.9996858835220337
the best,5,2026-04-24,CBE,Google Play,POSITIVE,0.9998332262039185
What's wrong after i update the app unable to open,1,2026-04-24,CBE,Google Play,NEGATIVE,0.9997888207435608
nice,5,2026-04-24,CBE,Google Play,POSITIVE,0.9998552799224854
👍👍it is good. pls Hide the amount that appear on the top when we need to transfer🙏,1,2026-04-24,CBE,Google Play,POSITIVE,0.99936443567276
not sure at the moment,3,2026-04-24,CBE,Google Play,NEGATIVE,0.99964439868927
Good,5,2026-04-24,CBE,Google Play,POSITIVE,0.9998161196708679
it's the best app i have every seen it is fast and securty,5,2026-04-24,CBE,Google Play,POSITIVE,0.9980030655860901
Useful apps,5,2026-04-24,CBE,Google Play,POSITIVE,0.9994015693664551
easy to use,5,2026-04-24,CBE,Google Play,POSITIVE,0.9988542795181274
waw,4,2026-04-24,CBE,Google Play,NEGATIVE,0.7346187829971313
"This app used to work well, but now it constantly shows an error saying it can’t load my accounts and tells me to visit a branch. I’m not even in the country, so that’s not possible. The app has frequent issues and needs better reliability and remote support options.",2,2026-04-24,CBE,Google Play,NEGATIVE,0.99909508228302
Very good,5,2026-04-23,CBE,Google Play,POSITIVE,0.9998520612716675
አዲሱ ገጽታው በጣም ያስጠላል። ለአይን ይከብዳል። ወደነበረበት ብትመልሱት።,1,2026-04-23,CBE,Google Play,NEGATIVE,0.9445853233337402
I like it but sometimes there is a system error,4,2026-04-23,CBE,Google Play,NEGATIVE,0.9990566372871399
good,5,2026-04-23,CBE,Google Play,POSITIVE,0.9998161196708679
"the app keeps asking for update, even after being updated",3,2026-04-23,CBE,Google Play,NEGATIVE,0.9912922978401184
"This application was not that great, and its performance has unfortunately declined further. For the past week, I have been unable to access my balance or transfer funds. This situation is causing considerable concern and inconvenience, as I cannot access my money in a timely manner. This has resulted in late payments and a loss of confidence and trust. Furthermore, I have not received a response to my message to the customer support team",1,2026-04-23,CBE,Google Play,NEGATIVE,0.9997740387916565
like,5,2026-04-23,CBE,Google Play,POSITIVE,0.9910564422607422
Good !,3,2026-04-23,CBE,Google Play,POSITIVE,0.9998268485069275
very good cbe app,5,2026-04-23,CBE,Google Play,POSITIVE,0.9998026490211487
tel birr,5,2026-04-23,CBE,Google Play,NEGATIVE,0.9480341076850891
halaba kuleto,5,2026-04-23,CBE,Google Play,NEGATIVE,0.6842421889305115
best app ever,5,2026-04-23,CBE,Google Play,POSITIVE,0.9997491240501404
it's good app for ease of access mobile banking transaction and use our time properly!,5,2026-04-22,CBE,Google Play,POSITIVE,0.999681830406189
"pls make an option fingerprint Biometric payment only, it's fast and secure to pay",4,2026-04-22,CBE,Google Play,POSITIVE,0.9271591901779175
በጣም ቀላልና ፈጣን ለመጠቀም ወድጀዋለሁ,5,2026-04-22,CBE,Google Play,NEGATIVE,0.8832126259803772
I love this up to much eollahi,5,2026-04-22,CBE,Google Play,POSITIVE,0.9998741149902344
I hope this bank have excellent Mobile app but still not easy and not working in holidays why,4,2026-04-22,CBE,Google Play,NEGATIVE,0.9942612648010254
best,5,2026-04-22,CBE,Google Play,POSITIVE,0.9997941851615906
"It's a great, easy-to-use, very convenient and secure app.",5,2026-04-22,CBE,Google Play,POSITIVE,0.9996656179428101
Good Job,5,2026-04-22,CBE,Google Play,POSITIVE,0.999835729598999
Best app.,5,2026-04-22,CBE,Google Play,POSITIVE,0.999774158000946
it's so use full and secure 👍💪👌,5,2026-04-22,CBE,Google Play,NEGATIVE,0.518190324306488
"there should be atm voucher access included , and also the app crash sometimes .",1,2026-04-22,CBE,Google Play,NEGATIVE,0.9989251494407654
ok,1,2026-04-22,CBE,Google Play,POSITIVE,0.9997851252555847
"The app has some issues we need to have a place where we save our contacts where we usually send money to, after update I keep loosing all the important accounts.Also user needs to configure their notification types we want to receive either by email ,SMS or both. right now I don't get any notifications when I receive funds from companies.",1,2026-04-22,CBE,Google Play,NEGATIVE,0.998993456363678
after the the recent update the app not responding. even transfer to telebirr isn't working.,1,2026-04-22,CBE,Google Play,NEGATIVE,0.9997051358222961
Need more additional future include for now it's not bad,1,2026-04-22,CBE,Google Play,POSITIVE,0.994413435459137
I don't like. I can't make transfer to my own telebirr,1,2026-04-22,CBE,Google Play,NEGATIVE,0.9984122514724731
lag and stack not quick response 😞😞,2,2026-04-22,CBE,Google Play,NEGATIVE,0.9985823631286621
it good. to get services,5,2026-04-22,CBE,Google Play,POSITIVE,0.9998569488525391
good,5,2026-04-22,CBE,Google Play,POSITIVE,0.9998161196708679
Number One App,5,2026-04-22,CBE,Google Play,POSITIVE,0.9983179569244385
is good,5,2026-04-22,CBE,Google Play,POSITIVE,0.9998394250869751
this secure app of all Ethiopia mobile banking ever.,5,2026-04-22,CBE,Google Play,POSITIVE,0.9989427924156189
perfect app,5,2026-04-22,CBE,Google Play,POSITIVE,0.9998340606689453
owww cbe,5,2026-04-22,CBE,Google Play,POSITIVE,0.9705929756164551
"Very secured, fast and favourable",5,2026-04-22,CBE,Google Play,POSITIVE,0.999854326248169
very nice 👌,5,2026-04-21,CBE,Google Play,POSITIVE,0.9998577833175659
اليش يتعخر معرف والله,5,2026-04-21,CBE,Google Play,NEGATIVE,0.589055061340332
good application 💯💯💯.,5,2026-04-21,CBE,Google Play,POSITIVE,0.9998037219047546
best,5,2026-04-21,CBE,Google Play,POSITIVE,0.9997941851615906
ok,5,2026-04-21,CBE,Google Play,POSITIVE,0.9997851252555847
good app,5,2026-04-21,CBE,Google Play,POSITIVE,0.9998493194580078
good,4,2026-04-21,CBE,Google Play,POSITIVE,0.9998161196708679
Nice App,5,2026-04-21,CBE,Google Play,POSITIVE,0.9998061060905457
it cost us a lot just by transfer and in other way not fair,1,2026-04-21,CBE,Google Play,NEGATIVE,0.9993299245834351
Great app,5,2026-04-21,CBE,Google Play,POSITIVE,0.999821126461029
Interesting app,5,2026-04-21,CBE,Google Play,POSITIVE,0.9996960163116455
"i didn't get feed back through message ,Why so?",5,2026-04-21,CBE,Google Play,NEGATIVE,0.9988840222358704
good and fast,5,2026-04-21,CBE,Google Play,POSITIVE,0.9998561143875122
"v, good",5,2026-04-21,CBE,Google Play,POSITIVE,0.9998000264167786
very bad experience as its very slow,1,2026-04-20,CBE,Google Play,NEGATIVE,0.9998031258583069
i luv it,5,2026-04-20,CBE,Google Play,POSITIVE,0.9778854250907898
Good&fast,5,2026-04-20,CBE,Google Play,POSITIVE,0.9998668432235718
good,5,2026-04-20,CBE,Google Play,POSITIVE,0.9998161196708679
good,5,2026-04-19,CBE,Google Play,POSITIVE,0.9998161196708679
የጣት አሻራ አገልግሎት አላገኘሁም። አጠቃቀሙ ጠፍቶኝ ይሆን?,4,2026-04-19,CBE,Google Play,NEGATIVE,0.9681780338287354
Rtgs limit very small,3,2026-04-19,CBE,Google Play,NEGATIVE,0.9604359269142151
"Trasaction history not sorted in time basis, besides the hilight transaction and its details which is found by clicking the highht transaction are diffrent. Generally, the tansaction history page has a critical problem",3,2026-04-19,CBE,Google Play,NEGATIVE,0.999626874923706
good job,5,2026-04-19,CBE,Google Play,POSITIVE,0.999835729598999
best bank for Android application form market place and key number,5,2026-04-19,CBE,Google Play,POSITIVE,0.9671075940132141
i like cbe service,5,2026-04-19,CBE,Google Play,POSITIVE,0.9947469830513
አሪፍ ነው,4,2026-04-18,CBE,Google Play,NEGATIVE,0.7850580811500549
it is the best application in the Ethiopia I like it this,5,2026-04-18,CBE,Google Play,POSITIVE,0.9998393058776855
super spp,5,2026-04-18,CBE,Google Play,POSITIVE,0.5455182194709778
I have 1 year and thank you for yo ur genuine service,5,2026-04-18,CBE,Google Play,POSITIVE,0.9996104836463928
ካየህዋቸው ተመሳሳይ መተግበርያዎች በጣም ጥሩ መተግበርያ ነው,4,2026-04-18,CBE,Google Play,NEGATIVE,0.920040488243103
excellent,5,2026-04-18,CBE,Google Play,POSITIVE,0.9998434782028198
Excellent,5,2026-04-18,CBE,Google Play,POSITIVE,0.9998434782028198
"im having a terrible experience with this app, im getting 'unable to connect' error, this happened for a while now and they didnt fix it, it is so unreliable in times i need it that i have to resort to using ussd code instead of it. please fix this issue",1,2026-04-17,CBE,Google Play,NEGATIVE,0.9997150301933289
Absolute garbage,1,2026-04-17,CBE,Google Play,NEGATIVE,0.9997928738594055
CBE does not offer anything international.,3,2026-04-17,CBE,Google Play,NEGATIVE,0.9994158744812012
korsa,5,2026-04-17,CBE,Google Play,POSITIVE,0.9419000744819641
its good,5,2026-04-17,CBE,Google Play,POSITIVE,0.9998385906219482
very nice app,5,2026-04-16,CBE,Google Play,POSITIVE,0.9998562335968018
nice app,5,2026-04-16,CBE,Google Play,POSITIVE,0.9998061060905457
ok,5,2026-04-16,CBE,Google Play,POSITIVE,0.9997851252555847
it looks fantasy,5,2026-04-16,CBE,Google Play,POSITIVE,0.9888854026794434
it's best app to use recently and upgraded day to day for internationalization,5,2026-04-16,CBE,Google Play,POSITIVE,0.9983494281768799
it is more convenient app,5,2026-04-16,CBE,Google Play,NEGATIVE,0.8680288195610046
gooooodddd.....,5,2026-04-15,CBE,Google Play,NEGATIVE,0.9880051016807556
This is app is not fast and not working well in all android phone. eg it is not functioning well using one plus phone.,1,2026-04-15,CBE,Google Play,NEGATIVE,0.9997861981391907
Factory reset made me to lose my pin to login to my account!,5,2026-04-15,CBE,Google Play,NEGATIVE,0.999756395816803
keeps on saying bucket override when I try to pay henon school fee,2,2026-04-15,CBE,Google Play,NEGATIVE,0.9965877532958984
"life longe bank CBE , Save & change your life.",5,2026-04-15,CBE,Google Play,POSITIVE,0.9976091384887695
ok,5,2026-04-15,CBE,Google Play,POSITIVE,0.9997851252555847
good,5,2026-04-15,CBE,Google Play,POSITIVE,0.9998161196708679
does not working well,5,2026-04-15,CBE,Google Play,NEGATIVE,0.9997747540473938
it's v good app sometimes there is a problem on other bank transfers,4,2026-04-15,CBE,Google Play,NEGATIVE,0.9923245906829834
pls speedup for quick uses,5,2026-04-14,CBE,Google Play,NEGATIVE,0.6067640781402588
"before, it was nice. now it does not work and crash automatically",2,2026-04-14,CBE,Google Play,NEGATIVE,0.9990578293800354
Pls facilitate transfer to telebirr agent,3,2026-04-14,CBE,Google Play,NEGATIVE,0.9452366828918457
sestemaa siresun osoo manaa banki hindemne namnii barbade national id isa fayadamee osoo banachun danda'ame bayye nammati tola live event qabate,3,2026-04-13,CBE,Google Play,NEGATIVE,0.9795665144920349
I customer for commercial bank of Ethiopia I trade,5,2026-04-13,CBE,Google Play,NEGATIVE,0.9372625946998596
it's has an issue,1,2026-04-13,CBE,Google Play,POSITIVE,0.9217185974121094
good,5,2026-04-13,CBE,Google Play,POSITIVE,0.9998161196708679
nice,5,2026-04-13,CBE,Google Play,POSITIVE,0.9998552799224854
accessibility need to be taken seriously. There are people excluded because of inaccessible apps.,3,2026-04-13,CBE,Google Play,NEGATIVE,0.9503915309906006
"This application was not that great, and its performance has unfortunately declined further. For the past week, I have been unable to access my balance or transfer funds. This situation is causing considerable concern and inconvenience, as I cannot access my money in a timely manner. This has resulted in late payments and a loss of confidence and trust. Furthermore, I have not received a response to my message to the customer support team.",1,2026-04-12,CBE,Google Play,NEGATIVE,0.9997742772102356
🤙,5,2026-04-12,CBE,Google Play,NEGATIVE,0.6970561742782593
I can't download this app please assist how it can be downloaded,1,2026-04-12,CBE,Google Play,NEGATIVE,0.9936169385910034
"my favorite so far, but, how come we are not able to download the app and fix our problem ourselves? it is not fair to go to the bank and fix it for you? please think about it. Thank you",5,2026-04-11,CBE,Google Play,POSITIVE,0.8537614941596985
lulit tukka giro,5,2026-04-11,CBE,Google Play,POSITIVE,0.8195421695709229
Enough good even it hasn't transferring for other telebirr users,5,2026-04-11,CBE,Google Play,POSITIVE,0.9993717074394226
not good not bad.,3,2026-04-11,CBE,Google Play,POSITIVE,0.9955518841743469
easy fast helpful for our business,5,2026-04-11,CBE,Google Play,POSITIVE,0.9969444870948792
good,5,2026-04-11,CBE,Google Play,POSITIVE,0.9998161196708679
bad strresing,1,2026-04-11,CBE,Google Play,NEGATIVE,0.9997972846031189
cool,5,2026-04-11,CBE,Google Play,POSITIVE,0.9998509883880615
100%100 Fast and Amazing app !! 🏆🏆🏆🏆🏆🏆🏆🏆 💞🌷🇪🇹,5,2026-04-10,CBE,Google Play,POSITIVE,0.9997475743293762
Not that happy at this app,3,2026-04-10,CBE,Google Play,NEGATIVE,0.999756395816803
Best,5,2026-04-10,CBE,Google Play,POSITIVE,0.9997941851615906
crush alot,1,2026-04-10,CBE,Google Play,NEGATIVE,0.9995573163032532
itii fayadamaa namaa fayadaa kuniin,5,2026-04-10,CBE,Google Play,NEGATIVE,0.9859265089035034
good app,5,2026-04-09,CBE,Google Play,POSITIVE,0.9998493194580078
good,5,2026-04-09,CBE,Google Play,POSITIVE,0.9998161196708679
Musxafaa,5,2026-04-09,CBE,Google Play,NEGATIVE,0.9952422380447388
well expriences,5,2026-04-09,CBE,Google Play,POSITIVE,0.9049556851387024
great 👍,5,2026-04-09,CBE,Google Play,POSITIVE,0.9997692704200745
I had good time with CBE,5,2026-04-09,CBE,Google Play,POSITIVE,0.9998478889465332
crashes every time you need to update this app ASAP.. i will be changing bank if tjis continues,1,2026-04-09,CBE,Google Play,NEGATIVE,0.9992732405662537
Good,5,2026-04-09,CBE,Google Play,POSITIVE,0.9998161196708679
easy and fast,5,2026-04-08,CBE,Google Play,POSITIVE,0.9995583891868591
very nice,5,2026-04-08,CBE,Google Play,POSITIVE,0.9998563528060913
its good,5,2026-04-08,CBE,Google Play,POSITIVE,0.9998385906219482
this app is very good,5,2026-04-08,CBE,Google Play,POSITIVE,0.9998623132705688
በጣም ጥሩ ነው,4,2026-04-08,CBE,Google Play,NEGATIVE,0.8337249755859375
deduction but no transaction. not good,3,2026-04-08,CBE,Google Play,NEGATIVE,0.9997362494468689
Easy to use and reliable.,5,2026-04-07,CBE,Google Play,POSITIVE,0.9997798800468445
difficult to see our transactions after aweek,1,2026-04-07,CBE,Google Play,NEGATIVE,0.999567449092865
👍👍,5,2026-04-07,CBE,Google Play,NEGATIVE,0.6970561742782593
nice,1,2026-04-07,CBE,Google Play,POSITIVE,0.9998552799224854
Good bank,5,2026-04-07,CBE,Google Play,POSITIVE,0.9998420476913452
swift,5,2026-04-07,CBE,Google Play,POSITIVE,0.9991281628608704
best,5,2026-04-07,CBE,Google Play,POSITIVE,0.9997941851615906
it is wel,5,2026-04-07,CBE,Google Play,POSITIVE,0.9836228489875793
nice,4,2026-04-06,CBE,Google Play,POSITIVE,0.9998552799224854
fully functional greate application it makes payment and transaction easier,5,2026-04-06,CBE,Google Play,POSITIVE,0.9978688955307007
it's best for everyone,5,2026-04-06,CBE,Google Play,POSITIVE,0.9998076558113098
good,5,2026-04-06,CBE,Google Play,POSITIVE,0.9998161196708679
good jobs,5,2026-04-06,CBE,Google Play,POSITIVE,0.9998511075973511
am happy using it.But why does it need continuous updates?,5,2026-04-06,CBE,Google Play,NEGATIVE,0.9802243709564209
Good job,5,2026-04-06,CBE,Google Play,POSITIVE,0.999835729598999
good,5,2026-04-05,CBE,Google Play,POSITIVE,0.9998161196708679
wow,5,2026-04-05,CBE,Google Play,POSITIVE,0.999592125415802
good 👍,5,2026-04-05,CBE,Google Play,POSITIVE,0.9998576641082764
Thank you for your service.,1,2026-04-05,CBE,Google Play,POSITIVE,0.9998093247413635
nice,5,2026-04-05,CBE,Google Play,POSITIVE,0.9998552799224854
WOW!,4,2026-04-04,CBE,Google Play,POSITIVE,0.999649167060852
i have more experience,5,2026-04-04,CBE,Google Play,POSITIVE,0.9620587825775146
good,5,2026-04-04,CBE,Google Play,POSITIVE,0.9998161196708679
i like this app,5,2026-04-04,CBE,Google Play,POSITIVE,0.9996516704559326
I love this app,5,2026-04-04,CBE,Google Play,POSITIVE,0.9998608827590942
it is not working,1,2026-04-04,CBE,Google Play,NEGATIVE,0.9997721314430237
the app freezes sometimes and crashing,1,2026-04-04,CBE,Google Play,NEGATIVE,0.9954427480697632
for active payment it's number one chose,5,2026-04-04,CBE,Google Play,POSITIVE,0.99142986536026
"What a nasty Update is this !. May I say 'Events cast their shadow before happenings'. Trust, value, Bank's 'n' Customers' financial property, such like things, at risk once again(the State owned Bank experienced some months ago due to app development issues or some other unknown reasons. Unable to see my own current balance due to a hidden page being displayed, stacked transaction history since March 26th, among others. Is that a Banking app being developed by Professionals ?.",1,2026-04-04,CBE,Google Play,NEGATIVE,0.9994988441467285
Very good Service provider bank,5,2026-04-04,CBE,Google Play,POSITIVE,0.9998120665550232
nice app keep it up🤝🤝,5,2026-04-03,CBE,Google Play,POSITIVE,0.9996798038482666
very much for your information 👋,5,2026-04-03,CBE,Google Play,POSITIVE,0.9981623291969299
bad👎,1,2026-04-03,CBE,Google Play,NEGATIVE,0.6970561742782593
so nice to me,5,2026-04-03,CBE,Google Play,POSITIVE,0.9998413324356079
best,5,2026-04-02,CBE,Google Play,POSITIVE,0.9997941851615906
good update,5,2026-04-02,CBE,Google Play,POSITIVE,0.9998435974121094
It's a good improvement. the app,5,2026-04-02,CBE,Google Play,POSITIVE,0.9997755885124207
good,5,2026-04-02,CBE,Google Play,POSITIVE,0.9998161196708679
Excellent,5,2026-04-02,CBE,Google Play,POSITIVE,0.9998434782028198
ok,5,2026-04-02,CBE,Google Play,POSITIVE,0.9997851252555847
"This app is very unreliable—slow, frequently crashes, and fails to sync properly. Transactions don’t reflect accurately; I transferred money that was deducted but never received, with no record in recent activity. It often stops working and takes too long to update. Reinstalling doesn’t help. You even have to visit a branch for it to start working, which is unacceptable today. The problem is even worse outside Ethiopia.",1,2026-04-02,CBE,Google Play,NEGATIVE,0.9996652603149414
not working,5,2026-04-01,CBE,Google Play,NEGATIVE,0.9997778534889221
it's fast and easy nice,5,2026-04-01,CBE,Google Play,POSITIVE,0.999872088432312
Good,1,2026-04-01,CBE,Google Play,POSITIVE,0.9998161196708679
girms,5,2026-04-01,CBE,Google Play,POSITIVE,0.9923914074897766
"this platform is very useful for exchanging payment ,than *889#(it's slower ).🙏🙏",5,2026-04-01,CBE,Google Play,NEGATIVE,0.996285080909729
best,5,2026-04-01,CBE,Google Play,POSITIVE,0.9997941851615906
Good app,5,2026-03-31,CBE,Google Play,POSITIVE,0.9998493194580078
very excellent application the number one bank of Ethiopia thanks,5,2026-03-31,CBE,Google Play,POSITIVE,0.9998600482940674
I can't use the app months ago. It stopped working with Mobile data and WiFi. I didn't know the cause. Why this app is not compatible with Android 8?,3,2026-03-31,CBE,Google Play,NEGATIVE,0.9996083378791809
not working,3,2026-03-31,CBE,Google Play,NEGATIVE,0.9997778534889221
"very nice app, but charge more.",5,2026-03-31,CBE,Google Play,POSITIVE,0.9977237582206726
Why mobile Banking is not functional?,2,2026-03-31,CBE,Google Play,NEGATIVE,0.9996395111083984
does this app support international transactions,3,2026-03-31,CBE,Google Play,POSITIVE,0.9887037873268127
i use CBE almost more than 5 years,3,2026-03-30,CBE,Google Play,NEGATIVE,0.9014225006103516
this app essential app on this time,5,2026-03-30,CBE,Google Play,POSITIVE,0.9950023293495178
"After update not working at all, I live in abroad.",1,2026-03-30,CBE,Google Play,NEGATIVE,0.8973283171653748
best app,5,2026-03-30,CBE,Google Play,POSITIVE,0.999686598777771
nice,1,2026-03-30,CBE,Google Play,POSITIVE,0.9998552799224854
it is not well functional. It always sluggish and poor application. n Not interested because always straggling .,1,2026-03-30,CBE,Google Play,NEGATIVE,0.9998195767402649
best bank ever,5,2026-03-30,CBE,Google Play,POSITIVE,0.9998133778572083
Pleas allow self service on Mobile banking.,5,2026-03-29,CBE,Google Play,NEGATIVE,0.9784427881240845
saved transactions doesn't work properly it doesn't show transactions before a month only shows recent transactions even after I set filter date range,1,2026-03-29,CBE,Google Play,NEGATIVE,0.9966676831245422
good,5,2026-03-29,CBE,Google Play,POSITIVE,0.9998161196708679
easygoing & Convenient to use.,5,2026-03-29,CBE,Google Play,POSITIVE,0.9991795420646667
Thank you,5,2026-03-28,CBE,Google Play,POSITIVE,0.9998352527618408
good,5,2026-03-28,CBE,Google Play,POSITIVE,0.9998161196708679
nice,5,2026-03-28,CBE,Google Play,POSITIVE,0.9998552799224854
excellent,5,2026-03-28,CBE,Google Play,POSITIVE,0.9998434782028198
It charges high amount of service charge.,1,2026-03-28,CBE,Google Play,POSITIVE,0.9774952530860901
best,5,2026-03-28,CBE,Google Play,POSITIVE,0.9997941851615906
good,5,2026-03-27,CBE,Google Play,POSITIVE,0.9998161196708679
melkam new,4,2026-03-27,CBE,Google Play,NEGATIVE,0.9627685546875
Very good service all times,5,2026-03-25,CBE,Google Play,POSITIVE,0.9998514652252197
ohh very useful and easy for use,5,2026-03-25,CBE,Google Play,POSITIVE,0.9979259967803955
wow,5,2026-03-25,CBE,Google Play,POSITIVE,0.999592125415802
good application,5,2026-03-25,CBE,Google Play,POSITIVE,0.999854564666748
good,5,2026-03-25,CBE,Google Play,POSITIVE,0.9998161196708679
its good,5,2026-03-24,CBE,Google Play,POSITIVE,0.9998385906219482
so nice,5,2026-03-24,CBE,Google Play,POSITIVE,0.9998610019683838
it nice and fast but usually it bad the connection by 4g network it still bad,4,2026-03-24,CBE,Google Play,NEGATIVE,0.9988802075386047
not work app,5,2026-03-23,CBE,Google Play,NEGATIVE,0.9996713399887085
nice App,5,2026-03-22,CBE,Google Play,POSITIVE,0.9998061060905457
CBE is my beast one for any transactions,5,2026-03-22,CBE,Google Play,POSITIVE,0.9963352680206299
very good,5,2026-03-22,CBE,Google Play,POSITIVE,0.9998520612716675
I Am Proud Of CBE Period!!!,5,2026-03-22,CBE,Google Play,POSITIVE,0.9998430013656616
digital banking,5,2026-03-21,CBE,Google Play,POSITIVE,0.9698484539985657
it is very good service you are giving,5,2026-03-21,CBE,Google Play,POSITIVE,0.9998605251312256
ps fast and easy,5,2026-03-21,CBE,Google Play,POSITIVE,0.9974810481071472
nice app for me,3,2026-03-21,CBE,Google Play,POSITIVE,0.9997487664222717
vibe,4,2026-03-21,CBE,Google Play,POSITIVE,0.998847246170044
Tajajilli keessan dubati Hafadha አገልግሎታችሁን ዱባቲ ሀፋድህን አቆይ Your service will stay behind,1,2026-03-21,CBE,Google Play,POSITIVE,0.8770357966423035
ገላግሌ ብየዋለው ጥድት ያለ አፕ,5,2026-03-20,CBE,Google Play,NEGATIVE,0.8832126259803772
best app i like it,5,2026-03-20,CBE,Google Play,POSITIVE,0.9997627139091492
it is really very poor application. i've ever experienced.,1,2026-03-20,CBE,Google Play,NEGATIVE,0.9997970461845398
wow ✌️,5,2026-03-19,CBE,Google Play,POSITIVE,0.9992976188659668
EASY & SIMLPE TO MANIPULATE. COGRATS !!,4,2026-03-19,CBE,Google Play,NEGATIVE,0.9855722784996033
zewediesh,4,2026-03-19,CBE,Google Play,NEGATIVE,0.9029977321624756
nice app,4,2026-03-19,CBE,Google Play,POSITIVE,0.9998061060905457
Perfect App,5,2026-03-19,CBE,Google Play,POSITIVE,0.9998340606689453
🆗 g,5,2026-03-19,CBE,Google Play,POSITIVE,0.5323765873908997
the best app of mobile banking,5,2026-03-18,CBE,Google Play,POSITIVE,0.9998237490653992
ዝም ብሉ ይዞራል 😡😡😡,3,2026-03-18,CBE,Google Play,NEGATIVE,0.8616322875022888
the bank You can always relay on!,5,2026-03-18,CBE,Google Play,POSITIVE,0.9955812096595764
good,1,2026-03-18,CBE,Google Play,POSITIVE,0.9998161196708679
ok,5,2026-03-18,CBE,Google Play,POSITIVE,0.9997851252555847
"Why does this welcome notification appear every time the app is opened? It doesn’t add value in its current form, so please consider removing it. Alternatively, you could adjust it to appear only occasionally.",4,2026-03-17,CBE,Google Play,NEGATIVE,0.9991655349731445
10Q U,5,2026-03-17,CBE,Google Play,NEGATIVE,0.7842158675193787
very interesting,5,2026-03-17,CBE,Google Play,POSITIVE,0.999863862991333
"it cant accomidate more than 2 accounts,every time i subscribe for my 3r account it vanish.",3,2026-03-17,CBE,Google Play,NEGATIVE,0.999395489692688
it's so disgusting my phone is s9+ android of 8/9 and this application still doesn't work for my phone fix it sooner as possible !,1,2026-03-17,CBE,Google Play,NEGATIVE,0.999647855758667
This app is by far one of the useless apps. It keep on sating can't sync and unable to do transfers. please for God sake fix it,1,2026-03-17,CBE,Google Play,NEGATIVE,0.9997839331626892
ልስን,4,2026-03-17,CBE,Google Play,NEGATIVE,0.6970561742782593
new app,5,2026-03-17,CBE,Google Play,POSITIVE,0.9902405738830566
Nice,5,2026-03-17,CBE,Google Play,POSITIVE,0.9998552799224854
it can't showed transaction history perfectly,1,2026-03-16,CBE,Google Play,NEGATIVE,0.9995885491371155
it have to be work on all smart phone ratherthan limitted by version,1,2026-03-16,CBE,Google Play,NEGATIVE,0.984043538570404
All right 👍,5,2026-03-16,CBE,Google Play,POSITIVE,0.999824583530426
you can transfer br,5,2026-03-16,CBE,Google Play,POSITIVE,0.9933522939682007
well,5,2026-03-16,CBE,Google Play,POSITIVE,0.9995703101158142
not properly work,2,2026-03-16,CBE,Google Play,NEGATIVE,0.9997875094413757
nice app,5,2026-03-16,CBE,Google Play,POSITIVE,0.9998061060905457
proud of CBE. CBE is my everyday day choice and confidence.,5,2026-03-15,CBE,Google Play,POSITIVE,0.9998643398284912
It would be great if you could add tele birr agent to the transfer to wallet.,2,2026-03-15,CBE,Google Play,NEGATIVE,0.9961091876029968
love,5,2026-03-15,CBE,Google Play,POSITIVE,0.9998735189437866
"To the CBE: I opened my account 8 years ago while working as a government employee in Harerghe. Now I live in Addis Ababa, yet my account has been frozen without any explanation. I contacted nearby branches and even the head office, and all I was told is that I must go to the branch where I originally opened my account-over 400 km away. How is this fair/legal? Expecting a customer to travel over 400km just to reactivate an account is unreasonable and shows a total disregard for customer rights.",3,2026-03-14,CBE,Google Play,NEGATIVE,0.9995940327644348
"it's good, but sometime the app can not be fast and it will need upgraeds.....?",4,2026-03-14,CBE,Google Play,NEGATIVE,0.9964878559112549
I gone to cbe branch more times as I updated or re installed it because it asks verfication no. after reinstallation or updation tis costy for you,4,2026-03-14,CBE,Google Play,NEGATIVE,0.9988352656364441
wonderful Pp,5,2026-03-14,CBE,Google Play,POSITIVE,0.9998849630355835
ok,5,2026-03-14,CBE,Google Play,POSITIVE,0.9997851252555847
l want Mobile banks code,5,2026-03-13,CBE,Google Play,NEGATIVE,0.9810473322868347
My application are not working,5,2026-03-13,CBE,Google Play,NEGATIVE,0.9997850060462952
its good customer support,4,2026-03-13,CBE,Google Play,POSITIVE,0.9998515844345093
Can't active now,3,2026-03-13,CBE,Google Play,NEGATIVE,0.9990955591201782
this app is really make me excited 😊,5,2026-03-13,CBE,Google Play,POSITIVE,0.9994534850120544
ok,5,2026-03-13,CBE,Google Play,POSITIVE,0.9997851252555847
Easy to use and best way for online transactions in Ethiopia.,4,2026-03-12,CBE,Google Play,POSITIVE,0.934123694896698
good,5,2026-03-12,CBE,Google Play,POSITIVE,0.9998161196708679
ቸርነት ገበየሁ,5,2026-03-12,CBE,Google Play,NEGATIVE,0.7850580811500549
"False advertising regarding Virtual Mastercard/Visa 😓😢😓 The latest update claims to support Mastercard and Visa cards, but this is completely false. The features are either missing or do not work at all. It is shameful for a leading bank to mislead its customers with ""new features"" that aren't actually available. Fix the bugs or stop making false promises.",1,2026-03-12,CBE,Google Play,NEGATIVE,0.9997325539588928
thanks for my custom,5,2026-03-12,CBE,Google Play,POSITIVE,0.9995878338813782
is good always not work not access.,2,2026-03-11,CBE,Google Play,POSITIVE,0.7839471697807312
perfect 👌,5,2026-03-11,CBE,Google Play,POSITIVE,0.9998273849487305
Baankiin Daldala Itoophiyaa nuuf qabeenya guddaa tahuu hin dagatinaa Mata duree ykn Handhuura baankii hundaati,5,2026-03-11,CBE,Google Play,NEGATIVE,0.9953998923301697
The worst Application,1,2026-03-10,CBE,Google Play,NEGATIVE,0.9997912049293518
it's very good app,5,2026-05-12,BOA,Google Play,POSITIVE,0.9998728036880493
this app is good but the speed of app is very slow,2,2026-05-11,BOA,Google Play,NEGATIVE,0.9952301979064941
good,5,2026-05-09,BOA,Google Play,POSITIVE,0.9998161196708679
boa the best,5,2026-05-08,BOA,Google Play,POSITIVE,0.9998425245285034
bank of absiniya is best bank in ethiopian,5,2026-05-07,BOA,Google Play,POSITIVE,0.9997739195823669
አስተማማኝና ዘመኑን የዋጀ,4,2026-05-05,BOA,Google Play,NEGATIVE,0.8337249755859375
good,5,2026-05-04,BOA,Google Play,POSITIVE,0.9998161196708679
extremely slow app and unreliable for most payment i have stuggled to much with this,2,2026-05-03,BOA,Google Play,NEGATIVE,0.9994875192642212
Amazing app,5,2026-05-02,BOA,Google Play,POSITIVE,0.9998670816421509
"I tried to oppen mobile app of BOA, but it can't work on my phone after activation. I can't login to it. the staffs tried their best and asked me the android version which is 16 and clear the catches, reinstall the app but the same restult × close the app. disappointing",1,2026-05-01,BOA,Google Play,NEGATIVE,0.9992283582687378
nice app 👍👍👍,5,2026-04-29,BOA,Google Play,POSITIVE,0.9996724128723145
easy to understand,4,2026-04-28,BOA,Google Play,POSITIVE,0.9997355341911316
best,5,2026-04-27,BOA,Google Play,POSITIVE,0.9997941851615906
a wonderful Bank success app in Ethiopia 🇪🇹,5,2026-04-25,BOA,Google Play,POSITIVE,0.9998182654380798
nice,5,2026-04-24,BOA,Google Play,POSITIVE,0.9998552799224854
there's an error in app i don't ever know what's the case,1,2026-04-24,BOA,Google Play,NEGATIVE,0.999702513217926
BoA always❤,5,2026-04-24,BOA,Google Play,NEGATIVE,0.971900999546051
the worst app,1,2026-04-24,BOA,Google Play,NEGATIVE,0.9997969269752502
what an amazing service,5,2026-04-23,BOA,Google Play,POSITIVE,0.9998257756233215
abezash,5,2026-04-23,BOA,Google Play,POSITIVE,0.8301464319229126
😁😁ል,4,2026-04-23,BOA,Google Play,NEGATIVE,0.6970561742782593
Not working,4,2026-04-22,BOA,Google Play,NEGATIVE,0.9997778534889221
best,5,2026-04-22,BOA,Google Play,POSITIVE,0.9997941851615906
nice,5,2026-04-21,BOA,Google Play,POSITIVE,0.9998552799224854
everything new that other banks started abyssinia started it but this one year have been a disaster the mobile banking crashes everytime please do what you do best,1,2026-04-20,BOA,Google Play,NEGATIVE,0.9982720613479614
"the best applcation,, how can winning byd car 😭🤣🤣",5,2026-04-20,BOA,Google Play,POSITIVE,0.9992448091506958
good,5,2026-04-19,BOA,Google Play,POSITIVE,0.9998161196708679
"the app does not show my account balance correctly compared to what I get with the SMS notification. Again and again I am not able to make transfers because the app has issues. The app has over years now frequently problems, doesn't load, or is sometimes not working entirely and I can not open it. Even to the point that I question the rating of this app if it's true or distorted. I am not sure how it can be 4 stars something, when in real life the app just doesn't work a lot of the time.",1,2026-04-19,BOA,Google Play,NEGATIVE,0.9996778964996338
excellent service,5,2026-04-18,BOA,Google Play,POSITIVE,0.9998576641082764
it very slow to access the app when urgent,1,2026-04-17,BOA,Google Play,NEGATIVE,0.9997734427452087
very Good app,4,2026-04-16,BOA,Google Play,POSITIVE,0.9998675584793091
best i ethiopia,5,2026-04-16,BOA,Google Play,POSITIVE,0.9996500015258789
when i try to see my balance the app logs me out.i try to uninstall the app and install it when i try to login again it says login expired.the worest mobile banking in ethiopia. fix it,1,2026-04-15,BOA,Google Play,NEGATIVE,0.9978908896446228
good,5,2026-04-15,BOA,Google Play,POSITIVE,0.9998161196708679
like,5,2026-04-14,BOA,Google Play,POSITIVE,0.9910564422607422
Why transfer to telebirr agent doesn't work?,3,2026-04-14,BOA,Google Play,NEGATIVE,0.9995895028114319
best 👌 app in entire industry,5,2026-04-14,BOA,Google Play,POSITIVE,0.9995336532592773
besst app,5,2026-04-14,BOA,Google Play,NEGATIVE,0.9778177738189697
good 👍,5,2026-04-13,BOA,Google Play,POSITIVE,0.9998576641082764
ksanet hayle,5,2026-04-11,BOA,Google Play,POSITIVE,0.9805410504341125
this app is not use my pbone android 16 and not fix boa nearest branch how to use this app,1,2026-04-11,BOA,Google Play,NEGATIVE,0.9992895126342773
"disappointing experience .couldn't even do transactions ,so slow .you should check and update it please",1,2026-04-09,BOA,Google Play,NEGATIVE,0.9548875689506531
poor functional and also very interactive customer service at branch,1,2026-04-09,BOA,Google Play,NEGATIVE,0.9996819496154785
low networks,4,2026-04-08,BOA,Google Play,NEGATIVE,0.9996498823165894
Fast& Modern,5,2026-04-08,BOA,Google Play,POSITIVE,0.9997683167457581
very nice service appreciated 👍,5,2026-04-07,BOA,Google Play,POSITIVE,0.9997658133506775
it's not working always says error occured,1,2026-04-06,BOA,Google Play,NEGATIVE,0.9997019171714783
good,5,2026-04-06,BOA,Google Play,POSITIVE,0.9998161196708679
fast and reliable app,5,2026-04-02,BOA,Google Play,POSITIVE,0.9997852444648743
good,1,2026-04-02,BOA,Google Play,POSITIVE,0.9998161196708679
እረተውኝ,5,2026-04-01,BOA,Google Play,NEGATIVE,0.6970561742782593
good,1,2026-04-01,BOA,Google Play,POSITIVE,0.9998161196708679
its good,5,2026-04-01,BOA,Google Play,POSITIVE,0.9998385906219482
updte,3,2026-04-01,BOA,Google Play,POSITIVE,0.7714943289756775
nice,5,2026-03-31,BOA,Google Play,POSITIVE,0.9998552799224854
"Personal opinion: If Abyssinia Mobile Banking allows you to use data from the SIM card where banking is activated, for example, if the connection to the WiFi router stops, if it is possible to use the SIM card where it was activated, and if the password can finally be re-entered 🙏",5,2026-03-31,BOA,Google Play,NEGATIVE,0.9979731440544128
stupid app! when i try to send money it says error occured,1,2026-03-31,BOA,Google Play,NEGATIVE,0.9997918009757996
i loveit,5,2026-03-31,BOA,Google Play,POSITIVE,0.9998107552528381
Boa yleyal,5,2026-03-31,BOA,Google Play,POSITIVE,0.9783289432525635
lovely,2,2026-03-30,BOA,Google Play,POSITIVE,0.9998601675033569
other bank is very slow,5,2026-03-30,BOA,Google Play,NEGATIVE,0.9989757537841797
good,5,2026-03-29,BOA,Google Play,POSITIVE,0.9998161196708679
When transaction done form BOA to Other Bank accounts the receipt does not include the name of receipant(the who receive the money),4,2026-03-29,BOA,Google Play,NEGATIVE,0.9987573623657227
Niyse,5,2026-03-29,BOA,Google Play,POSITIVE,0.7925686240196228
my choice BOA,5,2026-03-28,BOA,Google Play,POSITIVE,0.739587664604187
በጣም ጥሩ ነው,5,2026-03-28,BOA,Google Play,NEGATIVE,0.8337249755859375
smart app,5,2026-03-28,BOA,Google Play,POSITIVE,0.999789297580719
emails connect to pone numbers link all the city banks by location naw,5,2026-03-28,BOA,Google Play,NEGATIVE,0.9878550171852112
good,5,2026-03-28,BOA,Google Play,POSITIVE,0.9998161196708679
My favorite app,5,2026-03-28,BOA,Google Play,POSITIVE,0.9983345866203308
very good,5,2026-03-28,BOA,Google Play,POSITIVE,0.9998520612716675
smart app smart bank,5,2026-03-27,BOA,Google Play,POSITIVE,0.999352753162384
You can't rely on Abyssinia. They are the worst,1,2026-03-26,BOA,Google Play,NEGATIVE,0.9985235333442688
its the the bank of bank,5,2026-03-25,BOA,Google Play,POSITIVE,0.8855547904968262
good app,5,2026-03-24,BOA,Google Play,POSITIVE,0.9998493194580078
beti araya,5,2026-03-24,BOA,Google Play,POSITIVE,0.9919483661651611
ok app,5,2026-03-24,BOA,Google Play,POSITIVE,0.9997081160545349
something is wrong,2,2026-03-24,BOA,Google Play,NEGATIVE,0.9988584518432617
abanamu boriifuu hindhabamu horiinu ajiraanu woliinuu,5,2026-03-24,BOA,Google Play,NEGATIVE,0.980297327041626
good up except some sluggishness,5,2026-03-23,BOA,Google Play,POSITIVE,0.9930061101913452
good app,5,2026-03-23,BOA,Google Play,POSITIVE,0.9998493194580078
it is not bad it just ok,4,2026-03-23,BOA,Google Play,POSITIVE,0.9996962547302246
well,1,2026-03-22,BOA,Google Play,POSITIVE,0.9995703101158142
i can't transfer money to other bank. 😒😒,4,2026-03-22,BOA,Google Play,NEGATIVE,0.9885262250900269
doesn't work,1,2026-03-22,BOA,Google Play,NEGATIVE,0.9997408986091614
cheru birhanu,1,2026-03-22,BOA,Google Play,POSITIVE,0.8392426371574402
This app good b/c reduce my time,5,2026-03-22,BOA,Google Play,POSITIVE,0.9903632998466492
Machin tecnoloj,3,2026-03-22,BOA,Google Play,NEGATIVE,0.9505836367607117
developer option offe,1,2026-03-22,BOA,Google Play,NEGATIVE,0.9993467926979065
"Bank of Abyssinia used to be the best for me, but now I don’t think so. I spent the whole day at the branch trying to fix my mobile banking, yet nothing changed. I was asked repeatedly for my ID and signature without any real solution. It’s disappointing and frustrating to see such poor service. I expected much better 🙏 Please fix this urgently 🙏",1,2026-03-22,BOA,Google Play,NEGATIVE,0.9996219873428345
good!,4,2026-03-21,BOA,Google Play,POSITIVE,0.9998268485069275
BoA Mobile app,5,2026-03-21,BOA,Google Play,NEGATIVE,0.7573513388633728
good,5,2026-03-21,BOA,Google Play,POSITIVE,0.9998161196708679
it is simple and fast app,5,2026-03-21,BOA,Google Play,POSITIVE,0.9995757937431335
awful,1,2026-03-21,BOA,Google Play,NEGATIVE,0.9997954964637756
👍👍👍,5,2026-03-20,BOA,Google Play,NEGATIVE,0.6970561742782593
ቤጣም ጥሩ ነው ግን ኖ ፍጥነት ብዙ ስታክ ኦኬ,5,2026-03-20,BOA,Google Play,NEGATIVE,0.9322324395179749
best app,5,2026-03-20,BOA,Google Play,POSITIVE,0.999686598777771
awesome and fast app it uses to do my work easier..🥰,5,2026-03-20,BOA,Google Play,POSITIVE,0.999792754650116
simple and fast,5,2026-03-20,BOA,Google Play,POSITIVE,0.9998082518577576
very good appreciation trusted,5,2026-03-20,BOA,Google Play,POSITIVE,0.9998399019241333
very nice app u love it,5,2026-03-19,BOA,Google Play,POSITIVE,0.9998660087585449
happy,4,2026-03-19,BOA,Google Play,POSITIVE,0.9998753070831299
The worst banking app ever. When I toggle the balance button it shows session expired. I can't even check balance😔,1,2026-03-19,BOA,Google Play,NEGATIVE,0.9997931122779846
Secured and rely on BOA.,4,2026-03-19,BOA,Google Play,POSITIVE,0.9813457131385803
good,5,2026-03-19,BOA,Google Play,POSITIVE,0.9998161196708679
Nice App,5,2026-03-19,BOA,Google Play,POSITIVE,0.9998061060905457
Good,1,2026-03-18,BOA,Google Play,POSITIVE,0.9998161196708679
very good app,5,2026-03-18,BOA,Google Play,POSITIVE,0.9998675584793091
good to use,5,2026-03-18,BOA,Google Play,POSITIVE,0.9998455047607422
excellent!,5,2026-03-18,BOA,Google Play,POSITIVE,0.9998645782470703
Thanks bank of Abisiniya,5,2026-03-17,BOA,Google Play,POSITIVE,0.999427080154419
good ap,5,2026-03-17,BOA,Google Play,POSITIVE,0.9998272061347961
Very nice application,5,2026-03-17,BOA,Google Play,POSITIVE,0.9998540878295898
the BoA is the smartest app,5,2026-03-17,BOA,Google Play,POSITIVE,0.9996989965438843
nice,5,2026-03-17,BOA,Google Play,POSITIVE,0.9998552799224854
Wow!!,5,2026-03-17,BOA,Google Play,POSITIVE,0.9997237324714661
v.good,5,2026-03-17,BOA,Google Play,POSITIVE,0.9948773980140686
wow,5,2026-03-17,BOA,Google Play,POSITIVE,0.999592125415802
best,5,2026-03-17,BOA,Google Play,POSITIVE,0.9997941851615906
very excellent and truth application.,5,2026-03-17,BOA,Google Play,POSITIVE,0.9998695850372314
very good,4,2026-03-17,BOA,Google Play,POSITIVE,0.9998520612716675
"All problems are fixed now , easy to use recommended.",5,2026-03-17,BOA,Google Play,POSITIVE,0.7008944153785706
it is slow app pls update more,5,2026-03-17,BOA,Google Play,NEGATIVE,0.9995323419570923
good,5,2026-03-17,BOA,Google Play,POSITIVE,0.9998161196708679
amazing app ever,5,2026-03-17,BOA,Google Play,POSITIVE,0.9998624324798584
It did not work at all for me,1,2026-03-17,BOA,Google Play,NEGATIVE,0.9997672438621521
besat🥰,4,2026-03-17,BOA,Google Play,NEGATIVE,0.6970561742782593
amazing 😄 service I appreciate it,5,2026-03-17,BOA,Google Play,POSITIVE,0.9998668432235718
no limit app,5,2026-03-17,BOA,Google Play,POSITIVE,0.9424847364425659
Very excayeted and degjetalization more accecing to any markate enabled servece also hamble so more atande,4,2026-03-16,BOA,Google Play,NEGATIVE,0.9048979878425598
Best !,5,2026-03-16,BOA,Google Play,POSITIVE,0.9998348951339722
the app is always full of bugs and I don't know why they don't even try to fix them it's been like this for years it's always unstable,1,2026-03-16,BOA,Google Play,NEGATIVE,0.9989802241325378
very good,4,2026-03-16,BOA,Google Play,POSITIVE,0.9998520612716675
fast app,5,2026-03-16,BOA,Google Play,POSITIVE,0.9983617663383484
best app,5,2026-03-16,BOA,Google Play,POSITIVE,0.999686598777771
very good service,3,2026-03-16,BOA,Google Play,POSITIVE,0.9998648166656494
lovely app,5,2026-03-16,BOA,Google Play,POSITIVE,0.9998546838760376
"BoA easily accessible, fast with best service, Go ahead",5,2026-03-16,BOA,Google Play,POSITIVE,0.9996600151062012
its so amazing,5,2026-03-16,BOA,Google Play,POSITIVE,0.999879002571106
good,5,2026-03-16,BOA,Google Play,POSITIVE,0.9998161196708679
Now this bank is among those Ethiopian banks with best mobile banking. N.B I will give 5 star if the app asks a PIN before completing transaction.,4,2026-03-16,BOA,Google Play,POSITIVE,0.9972361922264099
love BOA,1,2026-03-15,BOA,Google Play,POSITIVE,0.9997603297233582
wow,5,2026-03-14,BOA,Google Play,POSITIVE,0.999592125415802
i like,5,2026-03-14,BOA,Google Play,POSITIVE,0.9998149275779724
it stucks and jumps out,1,2026-03-13,BOA,Google Play,NEGATIVE,0.9759269952774048
ማስተዋልይርሳው,5,2026-03-11,BOA,Google Play,NEGATIVE,0.6970561742782593
1 ደኛ,5,2026-03-11,BOA,Google Play,NEGATIVE,0.7333013415336609
nice,5,2026-03-10,BOA,Google Play,POSITIVE,0.9998552799224854
considering the fact that bank is huge this app really bad you could do better,1,2026-03-10,BOA,Google Play,NEGATIVE,0.9997078776359558
fast security 🔥🔥🔥,5,2026-03-07,BOA,Google Play,POSITIVE,0.9876085519790649
100% 😱😱,5,2026-03-07,BOA,Google Play,POSITIVE,0.9974650144577026
doesn't work.,1,2026-03-06,BOA,Google Play,NEGATIVE,0.9997673630714417
nice,5,2026-03-04,BOA,Google Play,POSITIVE,0.9998552799224854
atdtd,1,2026-03-03,BOA,Google Play,NEGATIVE,0.8663635849952698
Its so boaring app I ever had....please review and fix z deficulties,1,2026-03-03,BOA,Google Play,NEGATIVE,0.9886196851730347
ፈት አፈዘ,1,2026-03-03,BOA,Google Play,NEGATIVE,0.7850580811500549
profesionl,5,2026-03-02,BOA,Google Play,NEGATIVE,0.987149178981781
nice,5,2026-03-02,BOA,Google Play,POSITIVE,0.9998552799224854
very nice,5,2026-03-01,BOA,Google Play,POSITIVE,0.9998563528060913
no app,1,2026-03-01,BOA,Google Play,NEGATIVE,0.9996392726898193
BOA mobile app,5,2026-02-28,BOA,Google Play,NEGATIVE,0.7573513388633728
"Good App But big problem with Trasfer to other Bank im send some money to other bank still not reach it ,it's take time around two days",4,2026-02-27,BOA,Google Play,NEGATIVE,0.9948278069496155
Use the best bank account ✅👌👌👌,5,2026-02-25,BOA,Google Play,POSITIVE,0.9632344841957092
well app,5,2026-02-24,BOA,Google Play,POSITIVE,0.9993765950202942
"balance sync is working after 24 hours, frequently stop working for the last 4 yrs, boring update released, very poor service",2,2026-02-23,BOA,Google Play,NEGATIVE,0.9993014335632324
Excellent service thanks,5,2026-02-20,BOA,Google Play,POSITIVE,0.9998632669448853
good,5,2026-02-19,BOA,Google Play,POSITIVE,0.9998161196708679
Good,5,2026-02-17,BOA,Google Play,POSITIVE,0.9998161196708679
it crush every time you opend it it is hard to pay quickly or to access,1,2026-02-17,BOA,Google Play,NEGATIVE,0.9992928504943848
it is a best app,5,2026-02-16,BOA,Google Play,POSITIVE,0.9998170733451843
"this app is useless, i try to use it but the app crash and log me out and this is happen again and again. i thought they will fix it on update but there is no update.",1,2026-02-15,BOA,Google Play,NEGATIVE,0.9991432428359985
"It’s very hard, it’s not working.👎👎",1,2026-02-11,BOA,Google Play,NEGATIVE,0.9997758269309998
v.good,5,2026-02-11,BOA,Google Play,POSITIVE,0.9948773980140686
some time the app would have been a problem to open,5,2026-02-10,BOA,Google Play,NEGATIVE,0.9992311000823975
good,5,2026-02-10,BOA,Google Play,POSITIVE,0.9998161196708679
good,5,2026-02-08,BOA,Google Play,POSITIVE,0.9998161196708679
Its not work accurately please improve your mobile banking,1,2026-02-03,BOA,Google Play,NEGATIVE,0.9996246099472046
the most doagusting app from ethiopian banking especially on weekdenda🤮🤮🤮🤮🤮🤮🤮,1,2026-02-02,BOA,Google Play,POSITIVE,0.6832613945007324
wondo mechesa,5,2026-01-31,BOA,Google Play,POSITIVE,0.998038113117218
good but the user interface and animations need some upgrade,4,2026-01-31,BOA,Google Play,NEGATIVE,0.9854516386985779
what is wrong these app ?,1,2026-01-30,BOA,Google Play,NEGATIVE,0.9995942711830139
very good app,5,2026-01-29,BOA,Google Play,POSITIVE,0.9998675584793091
unsatisfied to your mobile banking application,5,2026-01-28,BOA,Google Play,NEGATIVE,0.9980995059013367
"Whenever I want to see my balance, the app says “no” and logs me out. Looks like the developer doesn’t want customers to know the truth 😄! This app really protects my money. It logs me out before I can even see my balance. 👉 Honestly, this app doesn’t reflect the quality of Bank of Abyssinia.",3,2026-01-26,BOA,Google Play,NEGATIVE,0.9990193843841553
"BoA Mobile is boring, imagine if you install it to your phone it crash when once used and require reinstall. I downloaded ten times but it still crashing.",1,2026-01-25,BOA,Google Play,NEGATIVE,0.9994872808456421
እሽቱ,5,2026-01-24,BOA,Google Play,NEGATIVE,0.6970561742782593
very clumsy application. it sucks alot.,1,2026-01-23,BOA,Google Play,NEGATIVE,0.9997543692588806
so perfect in everything,5,2026-01-22,BOA,Google Play,POSITIVE,0.999875545501709
yse good ap,5,2026-01-22,BOA,Google Play,POSITIVE,0.9995238780975342
the worst Mobile banking app👎👎👎👎,1,2026-01-22,BOA,Google Play,NEGATIVE,0.9998025298118591
እየሩስ ፣አይለ፣,1,2026-01-20,BOA,Google Play,NEGATIVE,0.8616322875022888
very nice,5,2026-01-20,BOA,Google Play,POSITIVE,0.9998563528060913
very Good application,4,2026-01-14,BOA,Google Play,POSITIVE,0.9998687505722046
yes,5,2026-01-13,BOA,Google Play,POSITIVE,0.9997805953025818
app doesnt work,1,2026-01-10,BOA,Google Play,NEGATIVE,0.999457061290741
it's too slow and when you are in a hurry don't use this app,1,2026-01-10,BOA,Google Play,NEGATIVE,0.9989222288131714
The worest app ever .work hard and do betterthan this,1,2026-01-09,BOA,Google Play,NEGATIVE,0.9422697424888611
The app is always glitch seems there's is significant issue from the backend. Can someone take a look on this or just remove from appstore this trash 🗑 🙄. Thank you.,1,2026-01-07,BOA,Google Play,NEGATIVE,0.9988576173782349
n m ű,3,2026-01-06,BOA,Google Play,POSITIVE,0.8321126699447632
so good,5,2026-01-06,BOA,Google Play,POSITIVE,0.999841570854187
my app is not working .,1,2026-01-06,BOA,Google Play,NEGATIVE,0.9997945427894592
"Problems with internet, the app sometimes says there is no internet connection while Internet Data is on. this needs to be fixed, it's unacceptable not being able to access your bank account when you need it.",1,2026-01-05,BOA,Google Play,NEGATIVE,0.999695897102356
"There's only one word to describe BOA mobile banking app, and it's 'እንጨት'. It's been the worst experience and it's continuing to be so.",1,2026-01-04,BOA,Google Play,NEGATIVE,0.9997850060462952
not good update it again,1,2026-01-04,BOA,Google Play,NEGATIVE,0.9996786117553711
the app not works on samsung galaxy A06 models it's directly kick you out of the app whenever u want to use it amd and then it's says the app is not working i hope they fix it soon,2,2026-01-04,BOA,Google Play,NEGATIVE,0.9996317625045776
The worest banking app i ever used,1,2026-01-03,BOA,Google Play,POSITIVE,0.9593278169631958
"This app is the worst app I've ever seen. Unless the developer fixes it, BOA will lose all its customers.",1,2026-01-02,BOA,Google Play,NEGATIVE,0.9998050332069397
yetemeta app nw cherash nw apk west maygebawu beza sebeb absiniya tesenabichalewu,1,2026-01-01,BOA,Google Play,NEGATIVE,0.990407407283783
ደገፉ ፈፊኘየየከ ወግወ ደገፉ,5,2025-12-31,BOA,Google Play,NEGATIVE,0.8616322875022888
good,5,2025-12-27,BOA,Google Play,POSITIVE,0.9998161196708679
good 👍👍👍,5,2025-12-27,BOA,Google Play,POSITIVE,0.9998576641082764
best digital financing app in ethiopia,5,2025-12-26,BOA,Google Play,POSITIVE,0.9993425011634827
wooow,5,2025-12-26,BOA,Google Play,NEGATIVE,0.9839174747467041
very good to be continued to update,5,2025-12-24,BOA,Google Play,POSITIVE,0.9998534917831421
የአቢሲኒያ ባንክ app,5,2025-12-22,BOA,Google Play,NEGATIVE,0.6179786920547485
አፕሊኬሽኑ መጨረሻ ቀርፋፋ ነው:: 2G,1,2025-12-21,BOA,Google Play,NEGATIVE,0.978131890296936
best,5,2025-12-21,BOA,Google Play,POSITIVE,0.9997941851615906
"what is this the 19 century 😡,we can't even see our balance,this app is going backwards 😤",1,2025-12-21,BOA,Google Play,NEGATIVE,0.99897301197052
The worst Mobile banking app in Ethiopia,1,2025-12-20,BOA,Google Play,NEGATIVE,0.9997841715812683
great,5,2025-12-18,BOA,Google Play,POSITIVE,0.9998630285263062
Applicationa kerem delile,5,2025-12-18,BOA,Google Play,NEGATIVE,0.9970144033432007
fast,5,2025-12-17,BOA,Google Play,POSITIVE,0.9989494681358337
Good,5,2025-12-17,BOA,Google Play,POSITIVE,0.9998161196708679
good,5,2025-12-16,BOA,Google Play,POSITIVE,0.9998161196708679
😍,5,2025-12-15,BOA,Google Play,NEGATIVE,0.6970561742782593
best,5,2025-12-15,BOA,Google Play,POSITIVE,0.9997941851615906
nice,5,2025-12-13,BOA,Google Play,POSITIVE,0.9998552799224854
WE EXPECT IT WILL BE MORE AND MORE FASTER THAN EARLIER!,5,2025-12-13,BOA,Google Play,NEGATIVE,0.9444257616996765
Amazing App 👏,5,2025-12-12,BOA,Google Play,POSITIVE,0.9997918009757996
Niec app,5,2025-12-12,BOA,Google Play,POSITIVE,0.7498568296432495
best app of the year,5,2025-12-12,BOA,Google Play,POSITIVE,0.9997411370277405
waw,2,2025-12-12,BOA,Google Play,NEGATIVE,0.7346187829971313
it constantly bugs and doesnt open what is the purpose of mobile banking app if i dont use it when i need it?,1,2025-12-12,BOA,Google Play,NEGATIVE,0.9996134638786316
🔥🔥,5,2025-12-10,BOA,Google Play,NEGATIVE,0.6970561742782593
good,4,2025-12-09,BOA,Google Play,POSITIVE,0.9998161196708679
good,4,2025-12-06,BOA,Google Play,POSITIVE,0.9998161196708679
"please fix the bug this app does not work, it says Error The request was not successful. Please check device connectivity or try again.",1,2025-12-05,BOA,Google Play,NEGATIVE,0.9997721314430237
not bad,3,2025-12-04,BOA,Google Play,POSITIVE,0.9995881915092468
nice banking,5,2025-12-02,BOA,Google Play,POSITIVE,0.999849796295166
what a bad app... cant even learn from CBE ... how can they even improve?,1,2025-12-02,BOA,Google Play,NEGATIVE,0.999813973903656
it stuck everytime when i use it . the app won't budge to even open,1,2025-12-02,BOA,Google Play,NEGATIVE,0.9977149963378906
i don't find it good and now it is not working!,1,2025-12-01,BOA,Google Play,NEGATIVE,0.9997889399528503
Make the reason we wrote visible on app transaction.,2,2025-12-01,BOA,Google Play,NEGATIVE,0.9711726903915405
app is note active working crash,1,2025-11-30,BOA,Google Play,NEGATIVE,0.8487376570701599
🙏👍,5,2025-11-29,BOA,Google Play,NEGATIVE,0.6970561742782593
Very Good,5,2025-11-28,BOA,Google Play,POSITIVE,0.9998520612716675
goof,5,2025-11-28,BOA,Google Play,NEGATIVE,0.9975278973579407
good!,5,2025-11-28,BOA,Google Play,POSITIVE,0.9998268485069275
bad exprience...it is so crushed,1,2025-11-27,BOA,Google Play,NEGATIVE,0.9998053908348083
not user friendly at all it requires a huge connectivity and also lags many times 😑😑😑,1,2025-11-26,BOA,Google Play,NEGATIVE,0.9997656941413879
ምንም የማይ ሰራ,1,2025-11-26,BOA,Google Play,NEGATIVE,0.8337249755859375
very good,5,2025-11-25,BOA,Google Play,POSITIVE,0.9998520612716675
most of the time is not working properly,1,2025-11-25,BOA,Google Play,NEGATIVE,0.9997636675834656
good service,5,2025-11-25,BOA,Google Play,POSITIVE,0.9998499155044556
not use for me,3,2025-11-23,BOA,Google Play,NEGATIVE,0.9953739047050476
It keeps notifying me to disable developer options and quiet while I'm not enabled. always bring another type of problem with new updates.,1,2025-11-22,BOA,Google Play,NEGATIVE,0.9968326687812805
waw,5,2025-11-21,BOA,Google Play,NEGATIVE,0.7346187829971313
the lag is unbelievable when you need it the most this suks,1,2025-11-19,BOA,Google Play,NEGATIVE,0.9983174800872803
I cant belive I could find the worst bank app ever .yet very simple to fix the problem and the company just ignored it. no body can do business with this kind of app.,1,2025-11-18,BOA,Google Play,NEGATIVE,0.999693751335144
it is a good app,5,2025-11-18,BOA,Google Play,POSITIVE,0.9998643398284912
it is not working at all,1,2025-11-15,BOA,Google Play,NEGATIVE,0.9997811913490295
🥰🥰🥰🥰🥰 app is good but i was live in abroad and when i enter my otp code it didnt make me to write my code it the app want it self write thats not fair so please other wise i like it why,5,2025-11-15,BOA,Google Play,POSITIVE,0.8251625895500183
when trying to activate the app it keeps on loading on the security questions page. It has been two days,1,2025-11-13,BOA,Google Play,NEGATIVE,0.9952510595321655
fast and simple,5,2025-11-11,BOA,Google Play,POSITIVE,0.9997392296791077
best of best,5,2025-11-10,BOA,Google Play,POSITIVE,0.9997496008872986
Worest Banking App Ever I seen. Fake App Bad Better to Leave,1,2025-11-10,BOA,Google Play,NEGATIVE,0.9993888139724731
good,4,2025-11-10,BOA,Google Play,POSITIVE,0.9998161196708679
"I would like to share feedback regarding the application. It frequently experiences disruptions and does not function properly, often freezing or failing to load. This issue is affecting workflow and efficiency. Kindly review and address this problem to ensure smoother performance.",1,2025-11-08,BOA,Google Play,NEGATIVE,0.9947029948234558
Meet you genuine.App I tried is not functional.Helping.welldoingwith BOA Ethiopia .fastandrelevant.morconnecting Digitalyworld.Digitalyworld. thanks.,5,2025-11-08,BOA,Google Play,NEGATIVE,0.8848833441734314
best app,5,2025-11-08,BOA,Google Play,POSITIVE,0.999686598777771
Best app,5,2025-11-07,BOA,Google Play,POSITIVE,0.999686598777771
"Barely works, it always fails to connect",1,2025-11-07,BOA,Google Play,NEGATIVE,0.9997532963752747
this app launch time is so long also has dozen bugs in addition it's has been long time get update,1,2025-11-05,BOA,Google Play,NEGATIVE,0.9977949857711792
very nice,5,2025-11-04,BOA,Google Play,POSITIVE,0.9998563528060913
"Your application is very irritating to use, some functionality doesn't even work like on the card management. You need to do better than this and it good idea to reference other banking applications.",3,2025-11-04,BOA,Google Play,NEGATIVE,0.9985816478729248
I like,5,2025-11-02,BOA,Google Play,POSITIVE,0.9998149275779724
ወይ አሻሽሉትና እንጠቀምበት ያለያ ብታጠፉት ይሻላል። በቃ ምንም ነገር አይሰራም መተግበሪያ አለን ብላችሁ እንዳታወሩ ለማንም የማይመከር ቀርፋፋና ተግባር የለሽ መተግበሪያ,1,2025-11-01,BOA,Google Play,NEGATIVE,0.9608767628669739
i m sorry but it doesn't work for my android it is too slow but other bank are very fast please update,1,2025-10-30,BOA,Google Play,NEGATIVE,0.9083412885665894
"the worst app ever,",1,2025-10-30,BOA,Google Play,NEGATIVE,0.9997932314872742
better,5,2025-10-29,BOA,Google Play,POSITIVE,0.999264657497406
"I kindly request that Bank of abyssinia address issues with its mobile app. It is very slow, has numerous problems, and frequently experiences downtime. The user experience is also poor. Thank you.",1,2025-10-28,BOA,Google Play,NEGATIVE,0.99928218126297
this app can't open? what is problem? please solve my problem?,1,2025-10-28,BOA,Google Play,NEGATIVE,0.9996218681335449
kiyaa makonn,5,2025-10-27,BOA,Google Play,POSITIVE,0.7175905704498291
very very lazy app,1,2025-10-26,BOA,Google Play,NEGATIVE,0.9996856451034546
telebirr remittance,5,2025-10-24,BOA,Google Play,NEGATIVE,0.9799609780311584
The best bank in 🇪🇹,5,2025-10-23,BOA,Google Play,POSITIVE,0.9998179078102112
its good,5,2025-10-22,BOA,Google Play,POSITIVE,0.9998385906219482
the worst app in my financial experience.,1,2025-10-22,BOA,Google Play,NEGATIVE,0.9997914433479309
good for mb appliciation,5,2025-10-21,BOA,Google Play,POSITIVE,0.9943337440490723
the worst bank ever. slow don't accept dual sim. they are very stupid and greedy,1,2025-10-20,BOA,Google Play,NEGATIVE,0.9997623562812805
try to easy network,4,2025-10-17,BOA,Google Play,NEGATIVE,0.9987332224845886
hussen hassen umer,5,2025-10-16,BOA,Google Play,POSITIVE,0.8681219816207886
"The app is not suitable and lacks a good UI design. As a large bank, you must update your app with a professional UI that is fast and appropriate.",2,2025-10-16,BOA,Google Play,NEGATIVE,0.9988431930541992
an exceptional banking app.,5,2025-10-16,BOA,Google Play,POSITIVE,0.9997233748435974
alhamdulilah,5,2025-10-11,BOA,Google Play,POSITIVE,0.8558269739151001
poor,5,2025-10-11,BOA,Google Play,NEGATIVE,0.9997912049293518
Best of best,5,2025-10-09,BOA,Google Play,POSITIVE,0.9997496008872986
from the last week updates the app is not working Please check the problems,1,2025-10-08,BOA,Google Play,NEGATIVE,0.9996919631958008
It's always crushing,1,2025-10-08,BOA,Google Play,NEGATIVE,0.9993805885314941
office branches have to improve their services please,4,2025-10-07,BOA,Google Play,POSITIVE,0.6649675369262695
♥️♥️,5,2025-10-05,BOA,Google Play,POSITIVE,0.9437573552131653
Why does it keep crashing? I can't even use this. BOA should do better. You have many customers and how to deal with this. I can't send money now.,1,2025-10-05,BOA,Google Play,NEGATIVE,0.9988381266593933
it needs a timely update,5,2025-10-03,BOA,Google Play,NEGATIVE,0.9983032941818237
"It does not show the name of the person who sent the money to request a receipt. This has become very difficult for us. When different people transfer the same amount to me from different banks, it is very difficult to identify the account or the name of the sender.",3,2025-10-01,BOA,Google Play,NEGATIVE,0.9997054934501648
Like,5,2025-10-01,BOA,Google Play,POSITIVE,0.9910564422607422
I can't type my otp on it.,1,2025-10-01,BOA,Google Play,NEGATIVE,0.9990899562835693
"most of bank apps in Ethiopia are linked with ethiopian phone number, I live in US permanently so when I open BoA account, I told them where I live and to link it with email address instead of phone # as ethio phone number is not working where I live, unfortunetly my fear appeared and now when I change my phone device, it send the code to the ethio number which is not with me now. so please when u develop bank apps consider the diaspora community to use ur apps",1,2025-10-01,BOA,Google Play,NEGATIVE,0.9977109432220459
jaajja,4,2025-09-30,BOA,Google Play,NEGATIVE,0.9872855544090271
I love this bank the best experience ever.,5,2025-09-28,BOA,Google Play,POSITIVE,0.9998602867126465
"Nothing has been improved, it doesn't work like the previous version.",1,2025-09-25,BOA,Google Play,NEGATIVE,0.9997023940086365
Great,5,2025-09-20,BOA,Google Play,POSITIVE,0.9998630285263062
mobile banking,5,2025-09-19,BOA,Google Play,POSITIVE,0.9076535105705261
very good,5,2025-09-18,BOA,Google Play,POSITIVE,0.9998520612716675
😎,5,2025-09-18,BOA,Google Play,NEGATIVE,0.6970561742782593
"need alot of connection, chooses device, very lug even when there is connection",1,2025-09-17,BOA,Google Play,NEGATIVE,0.9918755292892456
On my ios it's perfect but on android it barley works and don't transfer and after a while it crushed and totally stopped working. Please fix the issue my beloved bank of abyssinia.,1,2025-09-15,BOA,Google Play,NEGATIVE,0.9964401125907898
none,5,2025-09-14,BOA,Google Play,NEGATIVE,0.985345721244812
good,2,2025-09-13,BOA,Google Play,POSITIVE,0.9998161196708679
good,5,2025-09-12,BOA,Google Play,POSITIVE,0.9998161196708679
very good app i ever used,5,2025-09-12,BOA,Google Play,POSITIVE,0.9998385906219482
its nice app especially the transaction limit is extended but We face that BoA m.banking app doesn't respond at the activation stage strictly at SMSNG mobile phone. please try this to make safe.,4,2025-09-11,BOA,Google Play,NEGATIVE,0.9979867935180664
zedo,5,2025-09-11,BOA,Google Play,POSITIVE,0.994045615196228
please open my mobile app,5,2025-09-10,BOA,Google Play,POSITIVE,0.9873003363609314
it doesn't open,1,2025-09-10,BOA,Google Play,NEGATIVE,0.9997527003288269
Very Good,5,2025-09-09,BOA,Google Play,POSITIVE,0.9998520612716675
Best banking transaction application in Ethiopia !,5,2025-09-05,BOA,Google Play,POSITIVE,0.9996905326843262
السلام عليكم ورحمة الله وبركاته ماشاء الله تبارك الرحمن هذا التطبيق ممتاز جدا,5,2025-09-04,BOA,Google Play,NEGATIVE,0.5818172097206116
tamaam kamal,1,2025-09-04,BOA,Google Play,POSITIVE,0.9918873906135559
በጣም ሐሪፍ,5,2025-09-03,BOA,Google Play,NEGATIVE,0.7850580811500549
great 👍,5,2025-09-02,BOA,Google Play,POSITIVE,0.9997692704200745
goof,4,2025-09-01,BOA,Google Play,NEGATIVE,0.9975278973579407
absiniya banki,5,2025-08-29,BOA,Google Play,NEGATIVE,0.9083037972450256
has issue after installation and i think it doesn't work with tecno common 30,1,2025-08-26,BOA,Google Play,NEGATIVE,0.9996929168701172
One of the best in this business,5,2025-08-25,BOA,Google Play,POSITIVE,0.9998694658279419
Excellent,5,2025-08-20,BOA,Google Play,POSITIVE,0.9998434782028198
besat🥰,5,2025-08-19,BOA,Google Play,NEGATIVE,0.6970561742782593
unlimited experience,5,2025-08-18,BOA,Google Play,POSITIVE,0.9997161030769348
"as bank, u should at least hire someone good at their job bc this a joke nowadays I can't even log in or even transfer without it crashing if u fix the app I will update this review I am counting on u boa update: so they atleast fixed it but as suggestion can u put password when in final step of sending money it will feel more secure that way",4,2025-08-17,BOA,Google Play,NEGATIVE,0.9991239905357361
very nice mobile banking app my favourite,5,2025-08-16,BOA,Google Play,POSITIVE,0.9997608065605164
"it almost never boots up!!! and even if it did, it crashes immediately",1,2025-08-15,BOA,Google Play,NEGATIVE,0.9977737069129944
best apps,5,2025-08-15,BOA,Google Play,POSITIVE,0.999784529209137
the worst app ever to exist in a bank history,1,2025-08-15,BOA,Google Play,NEGATIVE,0.9997841715812683
thank you,5,2025-08-14,BOA,Google Play,POSITIVE,0.9998352527618408
Best mobile app in the country,5,2025-08-14,BOA,Google Play,POSITIVE,0.999710738658905
not fast,2,2025-08-12,BOA,Google Play,NEGATIVE,0.9949790835380554
keeps freezing at the front page.,1,2025-08-10,BOA,Google Play,NEGATIVE,0.9948282837867737
it is not working on redminote 11 pro+ pls fix it,1,2025-08-08,BOA,Google Play,NEGATIVE,0.9996861219406128
abseniya bank app,5,2025-08-08,BOA,Google Play,NEGATIVE,0.6962230801582336
good,5,2025-08-05,BOA,Google Play,POSITIVE,0.9998161196708679
yes goode app,5,2025-08-03,BOA,Google Play,POSITIVE,0.9997490048408508
Great App,5,2025-08-02,BOA,Google Play,POSITIVE,0.999821126461029
1) Crashes repeatedly 2) Takes Century to Boot 3) Repeatedly requires Update which is very annoying. 4) It doesn't ask for Password for one step confirmation when transferring money. 5) Automatically stops music when the app is launched (it doesn't really matter just fyi) Overall this have to be the worst mobile banking app I have tried so far and should not be released with all these bugs & issues.,1,2025-08-02,BOA,Google Play,NEGATIVE,0.999749481678009
ረጀብነሱ,1,2025-07-31,BOA,Google Play,NEGATIVE,0.6970561742782593
The Worst Mobile Banking App.,1,2025-07-31,BOA,Google Play,NEGATIVE,0.9997994303703308
giod,5,2025-07-30,BOA,Google Play,POSITIVE,0.9893913269042969
best bank in ethiopia,5,2025-07-29,BOA,Google Play,POSITIVE,0.999733030796051
waqayyoo,5,2025-07-28,BOA,Google Play,POSITIVE,0.5036894679069519
please is not working,2,2025-07-27,BOA,Google Play,NEGATIVE,0.9997643828392029
nothing when I need to install the Apk it say that re-up date,5,2025-07-25,BOA,Google Play,NEGATIVE,0.9985933899879456
I can log in from any where,5,2025-07-23,BOA,Google Play,NEGATIVE,0.9497750401496887
😇,3,2025-07-21,BOA,Google Play,NEGATIVE,0.6970561742782593
no proplem,5,2025-07-20,BOA,Google Play,NEGATIVE,0.9912227392196655
👍👍👍,5,2025-07-20,BOA,Google Play,NEGATIVE,0.6970561742782593
excellent app,5,2025-07-18,BOA,Google Play,POSITIVE,0.9998356103897095
good work,5,2025-07-15,BOA,Google Play,POSITIVE,0.9998413324356079
☹️,5,2025-07-15,BOA,Google Play,NEGATIVE,0.6970561742782593
excellent,5,2025-07-14,BOA,Google Play,POSITIVE,0.9998434782028198
Great BoA,5,2025-07-14,BOA,Google Play,POSITIVE,0.9992689490318298
Good,5,2025-07-14,BOA,Google Play,POSITIVE,0.9998161196708679
Okay,4,2025-07-13,BOA,Google Play,POSITIVE,0.9997709393501282
not working,1,2025-07-12,BOA,Google Play,NEGATIVE,0.9997778534889221
This App is Getting worse and worse with every update,2,2025-07-11,BOA,Google Play,NEGATIVE,0.999568521976471
ምርጥ ነው,1,2025-07-10,BOA,Google Play,NEGATIVE,0.7850580811500549
nice,5,2025-07-10,BOA,Google Play,POSITIVE,0.9998552799224854
Best app,5,2025-07-08,BOA,Google Play,POSITIVE,0.999686598777771
meku,5,2025-07-07,BOA,Google Play,POSITIVE,0.9421752095222473
nice,4,2025-07-04,BOA,Google Play,POSITIVE,0.9998552799224854
awasome app go a head,5,2025-07-04,BOA,Google Play,NEGATIVE,0.9980922341346741
😎,5,2025-07-03,BOA,Google Play,NEGATIVE,0.6970561742782593
it sucks as hell. it crashes most of the time and takes a long time to load .,1,2025-07-03,BOA,Google Play,NEGATIVE,0.9994389414787292
Easy and very nice app to load more than the previouse but in recent time some loading problem detected.,5,2025-07-01,BOA,Google Play,NEGATIVE,0.9851245880126953
wow,5,2025-07-01,BOA,Google Play,POSITIVE,0.999592125415802
"The worst MBA I have experienced, The app crush frequently and they take to long to fix the problem even more than a week.",1,2025-06-27,BOA,Google Play,NEGATIVE,0.9996988773345947
amazing Banks App👌👌,3,2025-06-25,BOA,Google Play,POSITIVE,0.9998063445091248
goof,5,2025-06-25,BOA,Google Play,NEGATIVE,0.9975278973579407
good App fore me,5,2025-06-25,BOA,Google Play,POSITIVE,0.9998444318771362
"very uninterested it's not working when the ""developer mode on"" i haven't off the developer options i preferred to uninstall your app .....",1,2025-06-24,BOA,Google Play,NEGATIVE,0.9995253086090088
fantastic,5,2025-06-22,BOA,Google Play,POSITIVE,0.9998743534088135
👍,4,2025-06-21,BOA,Google Play,NEGATIVE,0.6970561742782593
it's nice to use.,5,2025-06-21,BOA,Google Play,POSITIVE,0.999835729598999
app doesn't start,1,2025-06-21,BOA,Google Play,NEGATIVE,0.9973676800727844
Excellent application,5,2025-06-18,BOA,Google Play,POSITIVE,0.9998571872711182
its very bad app its very slow,1,2025-06-17,BOA,Google Play,NEGATIVE,0.9998086094856262
ብዙዬ ሺዋየ በለጠ,1,2025-06-15,BOA,Google Play,NEGATIVE,0.8337249755859375
good,1,2025-06-15,BOA,Google Play,POSITIVE,0.9998161196708679
Good job!,5,2025-06-13,BOA,Google Play,POSITIVE,0.9998481273651123
best financial app.,5,2025-06-12,BOA,Google Play,POSITIVE,0.9997761845588684
ቆንጆ ነው በርቱ,5,2025-06-11,BOA,Google Play,NEGATIVE,0.8337249755859375
the worst app humans ever created,1,2025-06-09,BOA,Google Play,NEGATIVE,0.9998008608818054
it's not working,3,2025-06-05,BOA,Google Play,NEGATIVE,0.9997857213020325
"Hello, I’m facing a problem with the BOA Mobile app. Every time I enter my phone number and password, the app crashes and shows an error that says “BoaMobile closed because this app has a bug.” I tried updating, reinstalling, and clearing cache, but nothing worked. Please fix this bug in the next update. I really need access to my account. Thank you.",1,2025-06-03,BOA,Google Play,NEGATIVE,0.9994151592254639
exceptional,5,2025-06-03,BOA,Google Play,POSITIVE,0.9998514652252197
BoA Mobile good bank,5,2025-06-02,BOA,Google Play,POSITIVE,0.9984728693962097
this is worest app 24/7 loading,1,2025-06-01,BOA,Google Play,NEGATIVE,0.9934743046760559
BoA system is confartable,5,2025-06-01,BOA,Google Play,NEGATIVE,0.9980142116546631
"this app, for me , is a waste of time. It doesn't work . I can't even long in, and it really piss me off. FIX THE PROBLEM",1,2025-05-27,BOA,Google Play,NEGATIVE,0.9998049139976501
Good service.,3,2025-05-25,BOA,Google Play,POSITIVE,0.9998533725738525
the app crush frequently,1,2025-05-24,BOA,Google Play,NEGATIVE,0.998525083065033
good,5,2025-05-22,BOA,Google Play,POSITIVE,0.9998161196708679
You guys keeps getting worst,1,2025-05-22,BOA,Google Play,NEGATIVE,0.9997075200080872
good,5,2025-05-21,BOA,Google Play,POSITIVE,0.9998161196708679
"This app is a joke. It crashes more than it works, takes forever to load, and half the features are just decorative at this point. Can’t log in, can’t transfer money, can’t even check my balance without it bugging out. To the developer: Are you actually trying to make this work, or is this some kind of social experiment to test our patience? Did you build this in your sleep? Because it definitely looks like it. If this is your idea of a functional app, maybe consider a different career path🙏",1,2025-05-21,BOA,Google Play,NEGATIVE,0.9990266561508179
BoA,2,2025-05-20,BOA,Google Play,NEGATIVE,0.7410506010055542
good,5,2025-05-20,BOA,Google Play,POSITIVE,0.9998161196708679
but not opening on android,4,2025-05-19,BOA,Google Play,NEGATIVE,0.9952228665351868
Worst App ever. Totally unreliable. And it didn't work at all for the last 4 months.,1,2025-05-18,BOA,Google Play,NEGATIVE,0.9997984766960144
amazing,5,2025-05-18,BOA,Google Play,POSITIVE,0.999875545501709
excellent,5,2025-05-15,BOA,Google Play,POSITIVE,0.9998434782028198
"this app does no work on Samsung a51, it just gives a preview of the logo",1,2025-05-11,BOA,Google Play,NEGATIVE,0.9992283582687378
nice,5,2025-05-10,BOA,Google Play,POSITIVE,0.9998552799224854
"i entered incorrect security question by mistake boa app lock pin forever, why is there no other options? ?? i contacted different branchs more then 4times but they didn't able to solve this issue .",5,2025-05-10,BOA,Google Play,NEGATIVE,0.9994921684265137
Best app,5,2025-05-09,BOA,Google Play,POSITIVE,0.999686598777771
liking this application good 👍,5,2025-05-07,BOA,Google Play,POSITIVE,0.9996829032897949
"This app future is good, but there is problems with apps to reset and activate it, which is difficult even to the branch staffs, and it takes too long times to active at the branch plus most of the time high expected failure of activation after process at the counter and OTP sent not work",1,2025-05-06,BOA,Google Play,NEGATIVE,0.9989790916442871
good,5,2025-05-06,BOA,Google Play,POSITIVE,0.9998161196708679
good,5,2025-05-02,BOA,Google Play,POSITIVE,0.9998161196708679
good,4,2025-04-30,BOA,Google Play,POSITIVE,0.9998161196708679
wow,5,2025-04-28,BOA,Google Play,POSITIVE,0.999592125415802
it's really good 👍,5,2025-04-23,BOA,Google Play,POSITIVE,0.9998701810836792
Bad app . it stuck when you open and noting WORKS.,1,2025-04-23,BOA,Google Play,NEGATIVE,0.9995198249816895
"the app isn't working after it asked me the password it starts loading, but it doesn't open",3,2025-04-20,BOA,Google Play,NEGATIVE,0.9997255206108093
Best,2,2025-04-19,BOA,Google Play,POSITIVE,0.9997941851615906
It keeps showing this pop up to turn off developer options even tho it's off! I had to turn on and then off to make it work! This is a horrible experience and needs a fix asap! Plus kinda slow.,1,2025-04-19,BOA,Google Play,NEGATIVE,0.9996699094772339
yideg,1,2025-04-18,BOA,Google Play,NEGATIVE,0.7675812840461731
great boa,5,2025-04-10,BOA,Google Play,POSITIVE,0.9992689490318298
Best,5,2025-04-10,BOA,Google Play,POSITIVE,0.9997941851615906
boa of mobile backing,5,2025-04-09,BOA,Google Play,NEGATIVE,0.980626106262207
nice,5,2025-04-09,BOA,Google Play,POSITIVE,0.9998552799224854
faster bank of Abissinya,5,2025-04-08,BOA,Google Play,POSITIVE,0.9722140431404114
i would have given it a lower if it was possible because it crush so much and it take the bank so long to fix the bug,1,2025-04-08,BOA,Google Play,NEGATIVE,0.9996716976165771
it just doesn't work...so frustrating,1,2025-04-07,BOA,Google Play,NEGATIVE,0.999774158000946
like,5,2025-04-06,BOA,Google Play,POSITIVE,0.9910564422607422
it's not work correctly... you must have update it,1,2025-04-06,BOA,Google Play,NEGATIVE,0.9998013377189636
"the app gets a considerable improvements like language , QR scanner and unlimited transfers survice. but BOA Please do alot on its fastness and convenient when we login and making a transactions.",5,2025-04-04,BOA,Google Play,POSITIVE,0.957535445690155
after i typed in my password it says successfully logged out ...and goes back to the first page,2,2025-04-04,BOA,Google Play,NEGATIVE,0.5856869220733643
waw,5,2026-02-26,Dashen,Google Play,NEGATIVE,0.7346187829971313
ተመ,5,2026-02-21,Dashen,Google Play,NEGATIVE,0.6970561742782593
worst bank ever ... they will take your money and lock you out with no reason what so ever,1,2026-01-19,Dashen,Google Play,NEGATIVE,0.9997994303703308
Nice,5,2026-01-12,Dashen,Google Play,POSITIVE,0.9998552799224854
Very disappointing application. it's getting worst by the day. both Amole and their super app. Just abysmal. Very sad.,1,2025-10-31,Dashen,Google Play,NEGATIVE,0.9998226761817932
"Banking made simple, smart, and safe.",5,2025-10-28,Dashen,Google Play,POSITIVE,0.9997703433036804
It is the best of all i liked it i used it almost 2 years. As a idea i ask dashen bank system officier please make it self registerable app,5,2025-10-27,Dashen,Google Play,NEGATIVE,0.9920618534088135
gngu,5,2025-10-21,Dashen,Google Play,NEGATIVE,0.9119521975517273
"The app is very good , but it does not tell the account number to which transfer is made and the transfer reciever also does not know from whom the transaction was made.Moreover it requires frequent update within short period. Hence improve it accordingly.",4,2025-09-09,Dashen,Google Play,POSITIVE,0.9661495685577393
"The best app and easy to use. The only draw back, it has no password reset option without going to brach. Pls modify it.",3,2025-08-24,Dashen,Google Play,POSITIVE,0.9886998534202576
Please enable the app for sreen shoot,1,2025-08-19,Dashen,Google Play,POSITIVE,0.9716951251029968
good,3,2025-08-11,Dashen,Google Play,POSITIVE,0.9998161196708679
good,4,2025-08-08,Dashen,Google Play,POSITIVE,0.9998161196708679
the best mobile banking app in Ethiopia,5,2025-07-19,Dashen,Google Play,POSITIVE,0.9997679591178894
ግኡድ app,5,2025-07-17,Dashen,Google Play,POSITIVE,0.7097470164299011
nice app,5,2025-07-16,Dashen,Google Play,POSITIVE,0.9998061060905457
it's awesome application but there is no available card less système,5,2025-07-12,Dashen,Google Play,NEGATIVE,0.9828771948814392
The app suddenly stops,1,2025-06-12,Dashen,Google Play,NEGATIVE,0.9990180730819702
nice app,4,2025-06-12,Dashen,Google Play,POSITIVE,0.9998061060905457
it is even super than super app,5,2025-06-12,Dashen,Google Play,POSITIVE,0.9946674108505249
It would be more helpful if a/c no used for transfer are saved and usable for any future time transfers,4,2025-06-10,Dashen,Google Play,NEGATIVE,0.99860018491745
truly one step ahead,4,2025-06-09,Dashen,Google Play,POSITIVE,0.9998230338096619
best,5,2025-06-05,Dashen,Google Play,POSITIVE,0.9997941851615906
nice application,4,2025-05-27,Dashen,Google Play,POSITIVE,0.9998229146003723
best,5,2025-05-22,Dashen,Google Play,POSITIVE,0.9997941851615906
bast smart bank sistem dashen amole dashen bamk,5,2025-05-17,Dashen,Google Play,POSITIVE,0.9796091914176941
best app,5,2025-05-16,Dashen,Google Play,POSITIVE,0.999686598777771
ለአጠቃቀም እጅግ ቀላልና ድህንነቱ የተጠበቀ ነው።,5,2025-05-16,Dashen,Google Play,NEGATIVE,0.920040488243103
"Worst app possible, I don't think it gets worse than this. Least user friendly process to exchange your own money, far too many hurdles you have to get past to make a simple money transfer. Even after getting past all the hurdles you are restricted with a min and I believe a max amount of your own money you have access to, not to mention time restrictions; I wasn't able to access my money past midnight multiple times. You can't change tab to another app, having opened this without it crashing.",1,2025-05-15,Dashen,Google Play,NEGATIVE,0.9994826316833496
I'm a Dashen Bank customer as I know its function and duty. Thanks.,5,2025-05-15,Dashen,Google Play,POSITIVE,0.9982101917266846
Amole is the digital mobile application what i prefer.,5,2025-05-15,Dashen,Google Play,POSITIVE,0.9839359521865845
nice,4,2025-05-12,Dashen,Google Play,POSITIVE,0.9998552799224854
best mobile banking app👍,5,2025-05-10,Dashen,Google Play,POSITIVE,0.9994445443153381
Complicated and fake app,1,2025-04-29,Dashen,Google Play,NEGATIVE,0.9995527863502502
Its Good updation from Previous,3,2025-04-25,Dashen,Google Play,POSITIVE,0.9963968396186829
yarid dima,5,2025-04-17,Dashen,Google Play,NEGATIVE,0.9857510328292847
Best app,5,2025-04-14,Dashen,Google Play,POSITIVE,0.999686598777771
"Requires updates too frequently, often has server related issues, the fingerprint always requires updating, it's the most unreliable app I've used and always fails when you want to make urgent payments.",2,2025-04-10,Dashen,Google Play,NEGATIVE,0.9995680451393127
dashin,3,2025-04-08,Dashen,Google Play,POSITIVE,0.999108612537384
disappointed because of option to transfer cash on telebirr is limited for self only.... those and other similar given choices by the bank used us to choose this bank over others! no doubt I will be not preferring this bank with no unique incentives.,1,2025-03-29,Dashen,Google Play,NEGATIVE,0.9996254444122314
everything is perfect,5,2025-03-29,Dashen,Google Play,POSITIVE,0.9998743534088135
good,4,2025-03-26,Dashen,Google Play,POSITIVE,0.9998161196708679
Dashin Bank#1,5,2025-03-20,Dashen,Google Play,POSITIVE,0.9960812926292419
Both Amole & Dashen superApp are by far the worst mobile banking apps i have ever came across. if only there is 0 star option,1,2025-03-18,Dashen,Google Play,NEGATIVE,0.9997686743736267
"funny app, so much gymnastics just to be an app for sending and receiving money.",3,2025-03-18,Dashen,Google Play,POSITIVE,0.9542824029922485
I use this app so many times so i like it,5,2025-03-17,Dashen,Google Play,POSITIVE,0.9994094371795654
Why did u change the option to transfer to other tellebirr account,1,2025-03-17,Dashen,Google Play,NEGATIVE,0.9981628060340881
It's nice and simple to use app.,5,2025-03-17,Dashen,Google Play,POSITIVE,0.9998540878295898
Just 👍,5,2025-03-15,Dashen,Google Play,NEGATIVE,0.7853981852531433
Not god its,5,2025-03-14,Dashen,Google Play,NEGATIVE,0.987773597240448
Regarding Internet banking i really choice a Dashen Bank and I have one recommendation for app developer shall considere the low android level means 4-6 android to adress all types of android users because now a days the current updated app can't support such android.Thanks!!!,5,2025-03-08,Dashen,Google Play,NEGATIVE,0.9675477743148804
It doesn't work,1,2025-03-02,Dashen,Google Play,NEGATIVE,0.9997813105583191
ምርጥ,5,2025-02-28,Dashen,Google Play,NEGATIVE,0.6970561742782593
Best,5,2025-02-26,Dashen,Google Play,POSITIVE,0.9997941851615906
Please the update is refused to be download on my phone tecno f1. Please solve this issue ASAP,1,2025-02-26,Dashen,Google Play,NEGATIVE,0.998185932636261
Excellent app,5,2025-02-24,Dashen,Google Play,POSITIVE,0.9998356103897095
"Very poor service, always not responding when ever we need to transfer I rate it 0 !",1,2025-02-23,Dashen,Google Play,NEGATIVE,0.9998088479042053
The recent update is broken. It diesn't allow to take screen shots (which by it self is not a problem) and the share button of a transaction doesn't work nor it will download the transaction receipt. I know security is especially important for banking systems but such a huge limitations on functionality will not serve the app any good. I guess the super app is the way to go.,2,2025-02-21,Dashen,Google Play,NEGATIVE,0.999530553817749
It is good but have so much problem ...even it say not compateble to your phone...it not easy for work ..,1,2025-02-20,Dashen,Google Play,NEGATIVE,0.8345462083816528
Dashen bank ATM,5,2025-02-20,Dashen,Google Play,POSITIVE,0.7306441068649292
Good,1,2025-02-18,Dashen,Google Play,POSITIVE,0.9998161196708679
Good Banking App,5,2025-02-17,Dashen,Google Play,POSITIVE,0.999841570854187
stay hamble,5,2025-02-14,Dashen,Google Play,POSITIVE,0.9980903267860413
Great,5,2025-02-13,Dashen,Google Play,POSITIVE,0.9998630285263062
ይሄ አሪፍ,2,2025-02-12,Dashen,Google Play,NEGATIVE,0.7850580811500549
good app i like it but still i am confused because i cannot use prperly so Please check the app,3,2025-02-12,Dashen,Google Play,POSITIVE,0.7858709096908569
Very slow and it seems it needs update everytime,1,2025-02-12,Dashen,Google Play,NEGATIVE,0.9995964169502258
Best,5,2025-02-12,Dashen,Google Play,POSITIVE,0.9997941851615906
Nice,5,2025-02-11,Dashen,Google Play,POSITIVE,0.9998552799224854
Open app amole dashin,5,2025-02-10,Dashen,Google Play,POSITIVE,0.984882652759552
Akiliua,5,2025-02-10,Dashen,Google Play,POSITIVE,0.9098021984100342
Perfiekt,5,2025-02-10,Dashen,Google Play,NEGATIVE,0.8356519937515259
Help,5,2025-02-08,Dashen,Google Play,POSITIVE,0.9892712831497192
Good app,5,2025-02-08,Dashen,Google Play,POSITIVE,0.9998493194580078
A very fast mobile banking app,5,2025-02-07,Dashen,Google Play,POSITIVE,0.9989713430404663
Good,5,2025-02-07,Dashen,Google Play,POSITIVE,0.9998161196708679
Good job,5,2025-02-07,Dashen,Google Play,POSITIVE,0.999835729598999
It's nice and easy to use,5,2025-02-07,Dashen,Google Play,POSITIVE,0.999874472618103
Nice app,5,2025-02-07,Dashen,Google Play,POSITIVE,0.9998061060905457
Good app i used it always,5,2025-02-07,Dashen,Google Play,POSITIVE,0.9998261332511902
It is very very slow pls update,2,2025-02-06,Dashen,Google Play,NEGATIVE,0.9995800852775574
Very slow and it seems that every update something else is not working. The latest update doesn't allow me to use biometrics anymore and maximum daily transfer to Telebirr is 5k?!,1,2025-02-04,Dashen,Google Play,NEGATIVE,0.9997690320014954
Good app Amole Wonderful,5,2025-02-01,Dashen,Google Play,POSITIVE,0.9998674392700195
This app needs many modifications. It takes long time to log in to the account. It is not as fast as CBE. please Update it🙏🙏🙏,1,2025-02-01,Dashen,Google Play,NEGATIVE,0.9994195699691772
"The app is cool, but unlike other banks they don't provide a receipt for mobile banking transactions, which makes it useless for payments that require receipt",2,2025-01-31,Dashen,Google Play,NEGATIVE,0.995299220085144
I am glad to customer with you .I have plan to use dube ale and amole.,5,2025-01-27,Dashen,Google Play,POSITIVE,0.9921646118164062
WOW that's awesome,5,2025-01-27,Dashen,Google Play,POSITIVE,0.9998595714569092
I cant choose select an account,1,2025-01-26,Dashen,Google Play,NEGATIVE,0.9820990562438965
Good👍,5,2025-01-22,Dashen,Google Play,NEGATIVE,0.6970561742782593
Good,5,2025-01-16,Dashen,Google Play,POSITIVE,0.9998161196708679
wow,5,2025-01-15,Dashen,Google Play,POSITIVE,0.999592125415802
we needs modification at all !,1,2025-01-14,Dashen,Google Play,NEGATIVE,0.9979633092880249
It was good at first but now the system is very bad.please try to fix it.,1,2025-01-14,Dashen,Google Play,NEGATIVE,0.9997218251228333
Generic error how tofix,4,2025-01-06,Dashen,Google Play,NEGATIVE,0.9997232556343079
Fast and suitable to learn.,5,2025-01-04,Dashen,Google Play,POSITIVE,0.99983811378479
"The app is extremely slow, often stuck on the logo. Security is poor, requiring only username/password. This allows unauthorized transactions. A large company like yours needs stronger security, such as two-factor authentication. The app's speed lags significantly compared to others. Numerous updates are needed to improve performance and security. Currently, it's a frustrating and time-wasting experience.",1,2025-01-03,Dashen,Google Play,NEGATIVE,0.9997192025184631
Sometimes it's soo slow,3,2025-01-01,Dashen,Google Play,NEGATIVE,0.9970604777336121
the best app I used always,1,2024-12-31,Dashen,Google Play,POSITIVE,0.9996992349624634
Amole apk is ..... it's very good apk . please used amole Apk,5,2024-12-29,Dashen,Google Play,POSITIVE,0.9997653365135193
fast and secure app,5,2024-12-23,Dashen,Google Play,POSITIVE,0.9989577531814575
Ok,4,2024-12-18,Dashen,Google Play,POSITIVE,0.9997851252555847
I am new for this App let me to use and i will rate 5 star while i get Satisfie,3,2024-12-17,Dashen,Google Play,POSITIVE,0.9872546792030334
Yeb,5,2024-12-12,Dashen,Google Play,POSITIVE,0.7893232107162476
Good Ait service!,5,2024-12-09,Dashen,Google Play,POSITIVE,0.9997960925102234
Sisay mustefa abani,5,2024-12-09,Dashen,Google Play,POSITIVE,0.8329904079437256
Wow,5,2024-12-06,Dashen,Google Play,POSITIVE,0.999592125415802
"It can't load, even in a fast network connection. This app is so bad that it needs fixing",1,2024-12-05,Dashen,Google Play,NEGATIVE,0.9997859597206116
The best mobile banking in Ethiopia 👍👍,5,2024-12-03,Dashen,Google Play,POSITIVE,0.9997841715812683
Thnk you,5,2024-12-02,Dashen,Google Play,POSITIVE,0.804777979850769
Nice,5,2024-11-30,Dashen,Google Play,POSITIVE,0.9998552799224854
I like this app b/c it has many options and easily useable,5,2024-11-29,Dashen,Google Play,POSITIVE,0.9980233907699585
Its nice but it does not have speed it requires a lot of patience it will not be for a problem,3,2024-11-28,Dashen,Google Play,POSITIVE,0.9054867625236511
It is better if he blinks (ከንግድ ባንክ666).,5,2024-11-28,Dashen,Google Play,NEGATIVE,0.9917783141136169
Naysssss,5,2024-11-27,Dashen,Google Play,NEGATIVE,0.9773305654525757
best,5,2024-11-27,Dashen,Google Play,POSITIVE,0.9997941851615906
It's good,3,2024-11-21,Dashen,Google Play,POSITIVE,0.9998360872268677
Big love,5,2024-11-20,Dashen,Google Play,POSITIVE,0.9998681545257568
Excellent,5,2024-11-16,Dashen,Google Play,POSITIVE,0.9998434782028198
Please decrease app size,4,2024-11-09,Dashen,Google Play,NEGATIVE,0.9971163272857666
Nice app,5,2024-11-08,Dashen,Google Play,POSITIVE,0.9998061060905457
It's great,5,2024-11-08,Dashen,Google Play,POSITIVE,0.9998691082000732
Alem Zeleqe,3,2024-11-08,Dashen,Google Play,POSITIVE,0.7574911117553711
❤️,5,2024-11-08,Dashen,Google Play,NEGATIVE,0.6970561742782593
Best,5,2024-11-06,Dashen,Google Play,POSITIVE,0.9997941851615906
Nice,1,2024-10-30,Dashen,Google Play,POSITIVE,0.9998552799224854
Great Financial App,5,2024-10-28,Dashen,Google Play,POSITIVE,0.9998390674591064
Deshan bank,5,2024-10-27,Dashen,Google Play,POSITIVE,0.9838610887527466
"Still in love with it but while the app start to open, it takes time pls upgrade & fix the bug.",5,2024-10-22,Dashen,Google Play,NEGATIVE,0.9972243309020996
It's such an amazing app. Truly Dashen bank is always one step ahead of other banks in 🇪🇹 👍,5,2024-10-16,Dashen,Google Play,POSITIVE,0.9998195767402649
Good,5,2024-10-02,Dashen,Google Play,POSITIVE,0.9998161196708679
Best App for all users.,5,2024-10-02,Dashen,Google Play,POSITIVE,0.9997850060462952
I ilke very much,5,2024-09-25,Dashen,Google Play,POSITIVE,0.9962043166160583
"The app suffers from severe performance issues, particularly with response times. The backend seems to have high latency, as the OTP generation and delivery process consistently delays, even after the server acknowledges that it has been sent. API requests frequently fail, returning non-descriptive error messages that lack proper exception handling, making it difficult for users to understand the issue. I know you will gonne say""ehe yedekem hzb teche alteche"", but that it.",1,2024-09-12,Dashen,Google Play,NEGATIVE,0.9994392991065979
"The security, cool, every time OTP!! The UI, let's not talk about the UI, But how the heck it says ""offline mode is not available"" something like that, when I enter more than the max amount to transfer. Fellas i am a web dev, this is bad UX. It needs update on the UX. Will see the UI later.",3,2024-09-10,Dashen,Google Play,NEGATIVE,0.999771773815155
Select from Sending account option not working when trying to send to other banks,2,2024-09-08,Dashen,Google Play,NEGATIVE,0.9983750581741333
It's not working,1,2024-09-08,Dashen,Google Play,NEGATIVE,0.9997857213020325
nice App,5,2024-09-07,Dashen,Google Play,POSITIVE,0.9998061060905457
የአንደኛ ቀዳሚ ምርጫችን ዳሽን ባንክ ሁልጊዜ አንድ እርምጃ ቀዳሚ። የአሞሌ አስጠቃሚ።,5,2024-09-03,Dashen,Google Play,NEGATIVE,0.9510264992713928
best app,5,2024-08-29,Dashen,Google Play,POSITIVE,0.999686598777771
በጠም ውደድኩት ስህተት ከለው በጠም መዝገቱ ደስ ብሎኛል,5,2024-08-24,Dashen,Google Play,NEGATIVE,0.9239574670791626
🔥,4,2024-08-24,Dashen,Google Play,NEGATIVE,0.6970561742782593
"Although the application is good, but, it is difficult to get out. The app does not work to get out with the back cursor . Fix it quickly.",1,2024-08-22,Dashen,Google Play,NEGATIVE,0.9995861649513245
Go,3,2024-08-21,Dashen,Google Play,POSITIVE,0.9994152784347534
"I like thise app it is smart app,but when i make one mistake it will automatically block",5,2024-08-15,Dashen,Google Play,NEGATIVE,0.9955797791481018
Nice,5,2024-08-14,Dashen,Google Play,POSITIVE,0.9998552799224854
Suaud,5,2024-08-05,Dashen,Google Play,POSITIVE,0.7671428322792053
wenderfull,5,2024-08-03,Dashen,Google Play,POSITIVE,0.9393950700759888
Nice app in Ethiopia,5,2024-08-01,Dashen,Google Play,POSITIVE,0.9995818734169006
Nice,5,2024-07-30,Dashen,Google Play,POSITIVE,0.9998552799224854
simply the best,5,2024-07-26,Dashen,Google Play,POSITIVE,0.9998356103897095
Very nice mob app,3,2024-07-26,Dashen,Google Play,POSITIVE,0.9997592568397522
nice,5,2024-07-24,Dashen,Google Play,POSITIVE,0.9998552799224854
Good,5,2024-07-09,Dashen,Google Play,POSITIVE,0.9998161196708679
Best,5,2024-07-02,Dashen,Google Play,POSITIVE,0.9997941851615906
"I hate this app stack and blackscreen not open as required ,normaly i resigned my job do to this app b/c our salary are depoite by dashen bank",1,2024-06-28,Dashen,Google Play,NEGATIVE,0.999639630317688
Wow Very Nice App,5,2024-06-22,Dashen,Google Play,POSITIVE,0.9998499155044556
Telebirr agent deposit is not working until now. Please fix it. Fix it fast.,5,2024-06-19,Dashen,Google Play,NEGATIVE,0.996275782585144
Very good,5,2024-06-16,Dashen,Google Play,POSITIVE,0.9998520612716675
The developers have incorporated biometric login which has made the app very convenient and user friendly. I will now increase my rating as promised,5,2024-06-15,Dashen,Google Play,POSITIVE,0.9970755577087402
Memekaye miliyoon girmaa,3,2024-06-14,Dashen,Google Play,NEGATIVE,0.9797621369361877
This app is 🤩,5,2024-06-12,Dashen,Google Play,NEGATIVE,0.783530592918396
Be adjusted this app is not available anytime,5,2024-06-11,Dashen,Google Play,NEGATIVE,0.9995419979095459
Super app,5,2024-06-10,Dashen,Google Play,POSITIVE,0.9932268261909485
"Very poor app! It locked my out without any reason, does not have any conformation or screenshots . And delay when opening of the app. It is just time wasting.",1,2024-06-09,Dashen,Google Play,NEGATIVE,0.9998219609260559
Best app....,5,2024-06-06,Dashen,Google Play,POSITIVE,0.9997749924659729
wow amole,4,2024-06-03,Dashen,Google Play,POSITIVE,0.9994269609451294
We,1,2024-06-01,Dashen,Google Play,POSITIVE,0.998214602470398
Best,5,2024-06-01,Dashen,Google Play,POSITIVE,0.9997941851615906
Tye app is mostly good but you should make it be able to save usernames instead of typing every time i want to login,4,2024-05-31,Dashen,Google Play,POSITIVE,0.8945755958557129
"It's good enough. But, there is slowing in beginning of the App....",5,2024-05-24,Dashen,Google Play,NEGATIVE,0.9905562996864319
"Good for safety,take long way though",5,2024-05-22,Dashen,Google Play,NEGATIVE,0.8347493410110474
😘,5,2024-05-20,Dashen,Google Play,NEGATIVE,0.6970561742782593
Bad app that not helping me the is not login,1,2024-05-18,Dashen,Google Play,NEGATIVE,0.9990566372871399
Good,4,2024-05-15,Dashen,Google Play,POSITIVE,0.9998161196708679
Best after removal of screelock password,5,2024-05-13,Dashen,Google Play,POSITIVE,0.9804172515869141
"I really don't get how this is the lite version and it is bigger than the og app, ah well it is what it is ig ¯⁠\⁠_😂_⁠/⁠¯",5,2024-05-10,Dashen,Google Play,NEGATIVE,0.7981881499290466
"Dashen Bank is the gold standard of banking in Ethiopia! The mobile app makes banking convenient and efficient. Plus, the branch services is top-notch, with staff always ready to assist with a smile.",5,2024-05-10,Dashen,Google Play,POSITIVE,0.9997432827949524
ማይ,1,2024-05-09,Dashen,Google Play,NEGATIVE,0.6970561742782593
Doesn't work most of the time,1,2024-05-09,Dashen,Google Play,NEGATIVE,0.998852014541626
that is awesome,5,2024-05-01,Dashen,Google Play,POSITIVE,0.9998675584793091
"It's so boring.... I don't wanna say this but this app so tough to take action. It's take long time and also it's conditional mostly it's not available, in 1 day it's work for 1 or 2 hour .... this bank so huge but de app it's not enough to define your exellence",1,2024-04-30,Dashen,Google Play,NEGATIVE,0.9995031356811523
We,5,2024-04-28,Dashen,Google Play,POSITIVE,0.998214602470398
Jafare has fyguhfiwudgg,5,2024-04-25,Dashen,Google Play,NEGATIVE,0.9514184594154358
it's fine,5,2024-04-20,Dashen,Google Play,POSITIVE,0.9998621940612793
This app is very good Nice app people please use this app 😃☺️☺️,5,2024-04-20,Dashen,Google Play,POSITIVE,0.9994275569915771
Nice,5,2024-04-18,Dashen,Google Play,POSITIVE,0.9998552799224854
Wow amazing platform 🙏,5,2024-04-17,Dashen,Google Play,POSITIVE,0.9998337030410767
"I tried to log in twice and locked me out. I tried to email them, but no one responded 🙃 please respond to our email back",1,2024-04-12,Dashen,Google Play,NEGATIVE,0.9989142417907715
Why dont update,5,2024-04-06,Dashen,Google Play,NEGATIVE,0.9983964562416077
Good app,5,2024-04-06,Dashen,Google Play,POSITIVE,0.9998493194580078
Best,5,2024-04-01,Dashen,Google Play,POSITIVE,0.9997941851615906
Nice,4,2024-03-31,Dashen,Google Play,POSITIVE,0.9998552799224854
This app is so good and its an interesting,3,2024-03-29,Dashen,Google Play,POSITIVE,0.9998619556427002
The best easy banking app ever @ Ethiopia,5,2024-03-26,Dashen,Google Play,POSITIVE,0.9997434020042419
Amole lite wow its more easy for use and more secured. I really its one step a head,5,2024-03-25,Dashen,Google Play,POSITIVE,0.9603886604309082
Excellent and Easy to use.,5,2024-03-25,Dashen,Google Play,POSITIVE,0.9998741149902344
wow,5,2024-03-24,Dashen,Google Play,POSITIVE,0.999592125415802
it's good app I'm using it right now but after it have installed doesn't work fastly and again goes to update..plc fix the problem..,3,2024-03-23,Dashen,Google Play,NEGATIVE,0.9932883381843567
Very nice,5,2024-03-22,Dashen,Google Play,POSITIVE,0.9998563528060913
It's good app,5,2024-03-22,Dashen,Google Play,POSITIVE,0.9998689889907837
Very secured app but after the last update it takes long time to start .pls minimize the start time ppl might have no patience to wait more than 30 seconds just for the app to open ..,5,2024-03-22,Dashen,Google Play,NEGATIVE,0.9988976716995239
Nice,4,2024-03-22,Dashen,Google Play,POSITIVE,0.9998552799224854
I don't know why I have been stuck with other mobile banking systems when all I needed was amole... I loved it,5,2024-03-22,Dashen,Google Play,POSITIVE,0.9986721277236938
Special for me,5,2024-03-21,Dashen,Google Play,POSITIVE,0.99954754114151
Baset app,5,2024-03-20,Dashen,Google Play,POSITIVE,0.9855851531028748
it is good App,4,2024-03-19,Dashen,Google Play,POSITIVE,0.9998652935028076
Nuuroo usmaan gaamilcom,5,2024-03-18,Dashen,Google Play,NEGATIVE,0.9877434968948364
good,4,2024-03-18,Dashen,Google Play,POSITIVE,0.9998161196708679
Very good app,5,2024-03-17,Dashen,Google Play,POSITIVE,0.9998675584793091
Student,5,2024-03-17,Dashen,Google Play,POSITIVE,0.9856825470924377
it has a lot of options but it is a slowe while opning by biometric,2,2024-03-17,Dashen,Google Play,NEGATIVE,0.9981617331504822
The last update is not working correctly so i stop using this app betam huwala ker new dashen bank needs to work on its digital app teams,5,2024-03-17,Dashen,Google Play,NEGATIVE,0.9997643828392029
How to use application,5,2024-03-17,Dashen,Google Play,POSITIVE,0.9884336590766907
cooooolllllll,5,2024-03-17,Dashen,Google Play,NEGATIVE,0.918838620185852
I prefered you b/cs your service charge is very fair.,5,2024-03-16,Dashen,Google Play,POSITIVE,0.9982390403747559
Excellent App And Easy To Use Every where.,5,2024-03-16,Dashen,Google Play,POSITIVE,0.999796450138092
ተመችቶናል,4,2024-03-16,Dashen,Google Play,NEGATIVE,0.6970561742782593
The best app,5,2024-03-16,Dashen,Google Play,POSITIVE,0.9998469352722168
Well done Dashen Bank.,4,2024-03-16,Dashen,Google Play,POSITIVE,0.9996711015701294
Good,5,2024-03-13,Dashen,Google Play,POSITIVE,0.9998161196708679
"The UI/UX experience is already good, but some minor tweaks in font sizes and color can take it to the top-notch level. Imagine the sheer joy and satisfaction your users will feel when they see the polished and refined interface you've created for them. Don't miss the opportunity to impress them even more with these simple yet impactful changes.",5,2024-03-12,Dashen,Google Play,POSITIVE,0.9997569918632507
I m the one here in Dashen bank,5,2024-03-06,Dashen,Google Play,POSITIVE,0.851691722869873
improve more,3,2024-03-04,Dashen,Google Play,POSITIVE,0.9996280670166016
ለመግባት (login) ቀርፋፋ ነው ።,1,2024-03-04,Dashen,Google Play,NEGATIVE,0.9760472774505615
I like this,3,2024-03-03,Dashen,Google Play,POSITIVE,0.9998672008514404
Longin fails repeatedly,3,2024-02-28,Dashen,Google Play,NEGATIVE,0.9996817111968994
One of the best app I have ever seen it's simple to use,5,2024-02-26,Dashen,Google Play,POSITIVE,0.9996010661125183
Personal scored,5,2024-02-25,Dashen,Google Play,POSITIVE,0.9996507167816162
Nice app,5,2024-02-24,Dashen,Google Play,POSITIVE,0.9998061060905457
best app,5,2024-02-24,Dashen,Google Play,POSITIVE,0.999686598777771
Best app,3,2024-02-24,Dashen,Google Play,POSITIVE,0.999686598777771
Good,5,2024-02-24,Dashen,Google Play,POSITIVE,0.9998161196708679
Welcome,4,2024-02-22,Dashen,Google Play,POSITIVE,0.9998117089271545
Good,5,2024-02-21,Dashen,Google Play,POSITIVE,0.9998161196708679
Needs to be underrated. Bad service,1,2024-02-20,Dashen,Google Play,NEGATIVE,0.9994471669197083
Easy to use,4,2024-02-15,Dashen,Google Play,POSITIVE,0.9988542795181274
Its nice,5,2024-02-12,Dashen,Google Play,POSITIVE,0.999854326248169
Mudeme,5,2024-02-12,Dashen,Google Play,NEGATIVE,0.9995138645172119
The upgraded Amole lite app is nice. I’ve loved it. But #USSD CANNOT BE ADJUSTED FOR NEW CUSTOMERS ESPECIALLY THOSE WHO DO NOT HAVE SMARTPHONES. YOU NEED TO IMPROVE THIS ONE,5,2024-02-11,Dashen,Google Play,NEGATIVE,0.6763219237327576
Good,1,2024-02-11,Dashen,Google Play,POSITIVE,0.9998161196708679
Past,5,2024-02-10,Dashen,Google Play,NEGATIVE,0.9876970648765564
Nice app,5,2024-02-10,Dashen,Google Play,POSITIVE,0.9998061060905457
It doesn't work,5,2024-02-09,Dashen,Google Play,NEGATIVE,0.9997813105583191
Open,1,2024-02-09,Dashen,Google Play,POSITIVE,0.9997945427894592
Good app,1,2024-02-08,Dashen,Google Play,POSITIVE,0.9998493194580078
good,5,2024-02-08,Dashen,Google Play,POSITIVE,0.9998161196708679
Awesome,5,2024-02-06,Dashen,Google Play,POSITIVE,0.9998682737350464
receipt downloading is not avialable in this version,1,2024-02-05,Dashen,Google Play,NEGATIVE,0.9995287656784058
Good 👍,5,2024-02-04,Dashen,Google Play,POSITIVE,0.9998576641082764
Not reliable!,1,2024-02-04,Dashen,Google Play,NEGATIVE,0.9997972846031189
The last update doesn't work when you chose account to send money on lower Android version,1,2024-02-04,Dashen,Google Play,NEGATIVE,0.9993185997009277
Nice app,1,2024-02-03,Dashen,Google Play,POSITIVE,0.9998061060905457
Exchange rate is not real,5,2024-02-03,Dashen,Google Play,NEGATIVE,0.9997653365135193
Good,5,2024-02-03,Dashen,Google Play,POSITIVE,0.9998161196708679
Good Security,5,2024-02-03,Dashen,Google Play,POSITIVE,0.9998112320899963
"It's good app but i can not see the history of transactions on the app and also updated one is not good can't send always says, choose account",5,2024-02-02,Dashen,Google Play,NEGATIVE,0.9947817921638489
Its good,5,2024-02-02,Dashen,Google Play,POSITIVE,0.9998385906219482
Happy day,4,2024-02-01,Dashen,Google Play,POSITIVE,0.999869704246521
"Disabled taking screenshots so there's no way to share payment confirmation screenshot with people. When you think the app couldn't get any worse, somehow these people find a way to do so.",1,2024-02-01,Dashen,Google Play,NEGATIVE,0.9993744492530823
Too technical.,1,2024-02-01,Dashen,Google Play,NEGATIVE,0.9996988773345947
Excellent,5,2024-02-01,Dashen,Google Play,POSITIVE,0.9998434782028198
🥰🥰🥰🥰,5,2024-02-01,Dashen,Google Play,NEGATIVE,0.6970561742782593
Fast and secured,5,2024-02-01,Dashen,Google Play,POSITIVE,0.9997352957725525
Good,5,2024-02-01,Dashen,Google Play,POSITIVE,0.9998161196708679
Good but it need additional work it is slow in respond,3,2024-01-31,Dashen,Google Play,NEGATIVE,0.9883925318717957
Nice app,5,2024-01-31,Dashen,Google Play,POSITIVE,0.9998061060905457
My best,5,2024-01-31,Dashen,Google Play,POSITIVE,0.9997593760490417
"l am old customer of dashen bank, i started to use this app almost for five month, in those time i didn't saw any negative on this app, its interesting and you can pay and recieve payment easily. from ethiopian banks i give five star its always seek new technology than ever bank.",5,2024-01-31,Dashen,Google Play,POSITIVE,0.9529341459274292
Its nice please add reprint to get the receit,5,2024-01-31,Dashen,Google Play,POSITIVE,0.9953243732452393
Amole 100%,5,2024-01-31,Dashen,Google Play,POSITIVE,0.9951902627944946
I like it this app,4,2024-01-31,Dashen,Google Play,POSITIVE,0.9997456669807434
Best,5,2024-01-30,Dashen,Google Play,POSITIVE,0.9997941851615906
Smart and best always !,5,2024-01-30,Dashen,Google Play,POSITIVE,0.9998660087585449
Ok,1,2024-01-30,Dashen,Google Play,POSITIVE,0.9997851252555847
Dashed Bank A...,5,2024-01-29,Dashen,Google Play,NEGATIVE,0.9988144636154175
Best app,5,2024-01-28,Dashen,Google Play,POSITIVE,0.999686598777771
ያማችኋል አይሰራም,1,2024-01-22,Dashen,Google Play,NEGATIVE,0.7850580811500549
since i started using this app its speed and reliability is great as well. it incorporates all technologies. I am very impressed with the modern work you are doing with little effort.,5,2024-01-22,Dashen,Google Play,POSITIVE,0.9995009899139404
"It doesn't work, it keeps saying ""there was a problem submitting your request. Please try again later"" how come banking app service down all the time. It is very irritating.",1,2024-01-17,Dashen,Google Play,NEGATIVE,0.9997333884239197
Excellent quality Applications Dashen bank for ever,5,2024-01-15,Dashen,Google Play,POSITIVE,0.9995912909507751
Good,5,2024-01-13,Dashen,Google Play,POSITIVE,0.9998161196708679
Way,5,2024-01-13,Dashen,Google Play,POSITIVE,0.9972752928733826
This is the most ridiculous thing I have ever seen they are on maintenance everyother day,1,2023-12-31,Dashen,Google Play,NEGATIVE,0.9992629885673523
Well improved!,4,2023-12-29,Dashen,Google Play,POSITIVE,0.9998608827590942
Keeps hanging ..,3,2023-12-24,Dashen,Google Play,POSITIVE,0.9495453238487244
It's exceptional,5,2023-12-24,Dashen,Google Play,POSITIVE,0.999876856803894
Dashen Bank Amole Lite essy to use and the connection is fast.,5,2023-12-23,Dashen,Google Play,POSITIVE,0.9969583749771118
Ita fantastic,5,2023-12-23,Dashen,Google Play,POSITIVE,0.9998735189437866
It is best app,5,2023-12-19,Dashen,Google Play,POSITIVE,0.9997313618659973
Top,5,2023-12-18,Dashen,Google Play,POSITIVE,0.9997069239616394
Dashen Bank is App 🥰👌,5,2023-12-18,Dashen,Google Play,NEGATIVE,0.931795597076416
<> መፈክራችው እና ስራችው አይገናኝም ። በጣም የሚያስጠላ app ነው። ቀድሞ ያልዘመና ነው በአጠቃላይ ጊዜ እና ገንዘብ የሚያከስር app ነው ። keep our time unless uses this app,1,2023-12-18,Dashen,Google Play,NEGATIVE,0.9792190194129944
I am very comfortable with the efficiency,5,2023-12-15,Dashen,Google Play,POSITIVE,0.9998661279678345
"I tried to use this app for long and failed to do so. Initially, I able to use it even though with difficulty (very slow, need of login and logout) now and then. Then i couldn't use it. I tried to reset with one of the Dashen branch bank but failed",1,2023-12-11,Dashen,Google Play,NEGATIVE,0.9991627931594849
⭐️⭐️⭐️⭐️⭐️,5,2023-12-08,Dashen,Google Play,NEGATIVE,0.6970561742782593
Too slow!,1,2023-12-05,Dashen,Google Play,NEGATIVE,0.9995868802070618
a best tecnology appl.,5,2023-11-26,Dashen,Google Play,POSITIVE,0.9997580647468567
This app no working 1 star,1,2023-11-23,Dashen,Google Play,NEGATIVE,0.9996235370635986
This app works so good. But i don't get it why it never show incoming fund transfer report? Have you notice this?,3,2023-11-23,Dashen,Google Play,NEGATIVE,0.9142472743988037
it sስሎው አፕፕ ፕሊስ ቸንግ አንድ ፋሰት,1,2023-11-22,Dashen,Google Play,NEGATIVE,0.9256619811058044
There is always room for improvement and an opportunity to adopt! keep improving and keep evolving. I would love to see external services provided by the Amole app to utilize and actively operate our banking account. Option to invest in ideas that could build Ethiopian creativity. Yosef ke Dallas,4,2023-11-22,Dashen,Google Play,POSITIVE,0.9900099635124207
"Even though I am a long-time Dashen Bank admirer, I find this app hard to use compared to other banks' mobile apps. It has a problem refreshing account balance, I needed to log out and login to see the updated account balance. Overall, user friendliness of the app needs a serious upgrade. I will improve my rating once problems are addressed.",1,2023-11-22,Dashen,Google Play,NEGATIVE,0.9978729486465454
Best,5,2023-11-18,Dashen,Google Play,POSITIVE,0.9997941851615906
"very fast ,secure and simply to use i like amole",5,2023-11-15,Dashen,Google Play,POSITIVE,0.9991076588630676
Amazing,5,2023-11-13,Dashen,Google Play,POSITIVE,0.999875545501709
The best of the best app,5,2023-11-12,Dashen,Google Play,POSITIVE,0.999821126461029
ለአጠቃቀም አመቺ እና ቀላል የሆነ የሞባይል መተግበሪያ ነው ።,5,2023-11-12,Dashen,Google Play,NEGATIVE,0.9322324395179749
It is a reliable and safe application.,5,2023-11-11,Dashen,Google Play,POSITIVE,0.9998156428337097
Good,5,2023-11-11,Dashen,Google Play,POSITIVE,0.9998161196708679
"Best app, it saves traveling cost plus work time forgone. Simply bank in your home and hand 🙏",5,2023-11-11,Dashen,Google Play,POSITIVE,0.9842479228973389
It is compatible.,4,2023-11-11,Dashen,Google Play,POSITIVE,0.9997838139533997
It's very good app but always try to open requested update...,4,2023-11-11,Dashen,Google Play,NEGATIVE,0.9434131383895874
please how can i fix my app it keep saying application error i have tried to uninstall and install again nothing has changed please help,1,2023-11-10,Dashen,Google Play,NEGATIVE,0.9988263249397278
"It is too slow application than any one of Ethiopian mobile banking apps. Please make it fast, and its feature beautiful. I am a Dashen Bank Customer and user of this app. Thank you.",2,2023-11-10,Dashen,Google Play,POSITIVE,0.9980560541152954
Best,5,2023-11-09,Dashen,Google Play,POSITIVE,0.9997941851615906
Not working sometimes,3,2023-11-09,Dashen,Google Play,NEGATIVE,0.9993667006492615
The best one of the internet banking apps I've come across in Ethiopia. Only thing I would like to see added is the ability to get a receipt after the payment has been payed or transferred. Since it only gives a receipt right at the moment of payment and after that there is no way to get a receipt.,5,2023-11-08,Dashen,Google Play,POSITIVE,0.9197632670402527
nice app,4,2023-10-31,Dashen,Google Play,POSITIVE,0.9998061060905457
Excellent,5,2023-10-28,Dashen,Google Play,POSITIVE,0.9998434782028198
Best,5,2023-10-21,Dashen,Google Play,POSITIVE,0.9997941851615906
ምንድን ነው password 🔑 expired የሚለው,5,2023-10-17,Dashen,Google Play,NEGATIVE,0.9737005233764648
Worst app ever all it does is load and fail plus your customer service on front are not supporting,1,2023-10-17,Dashen,Google Play,NEGATIVE,0.9998000264167786
Best app I used it,1,2023-10-14,Dashen,Google Play,POSITIVE,0.997042715549469
Faster secure and best international creadite card is the frist bank ethiopian bank to apply prophational card.,5,2023-10-13,Dashen,Google Play,POSITIVE,0.9939363598823547
Excllent,5,2023-10-07,Dashen,Google Play,POSITIVE,0.5032481551170349
This is nice adds that I like it.,5,2023-09-30,Dashen,Google Play,POSITIVE,0.9998762607574463
It is simple and fast.,5,2023-09-29,Dashen,Google Play,POSITIVE,0.9998005032539368
👏👏👏,4,2023-09-27,Dashen,Google Play,NEGATIVE,0.6970561742782593
Vary good,2,2023-09-27,Dashen,Google Play,POSITIVE,0.9998520612716675
Amazing banking app.,5,2023-09-26,Dashen,Google Play,POSITIVE,0.9998632669448853
Great app,5,2023-09-25,Dashen,Google Play,POSITIVE,0.999821126461029
Best app ever,5,2023-09-10,Dashen,Google Play,POSITIVE,0.9997491240501404
Ashabul,5,2023-09-10,Dashen,Google Play,POSITIVE,0.9779729247093201
Best easy and secure app thank you,5,2023-09-08,Dashen,Google Play,POSITIVE,0.9998018145561218
Best app Ever!,5,2023-09-03,Dashen,Google Play,POSITIVE,0.9997780919075012
"Why not we can pay bill,directly from main account, difficult to transfer repeatedly.",5,2023-09-02,Dashen,Google Play,NEGATIVE,0.9992192983627319
"Aside of some of it's major flows, the worst one yet is that it doesn't give you the full detail of your transaction history. Like the receiver's name and account number. You've to take a screenshot to document it or send it to the receiver as a confirmation.",2,2023-09-02,Dashen,Google Play,NEGATIVE,0.9997442364692688
Good app for use simple and easy,5,2023-09-01,Dashen,Google Play,POSITIVE,0.9996581077575684
ባጠቃላይ ባንኩ እወደዋለሁኝ,5,2023-08-31,Dashen,Google Play,NEGATIVE,0.8337249755859375
"Like your slogan, you are one step ahead.",5,2023-08-31,Dashen,Google Play,POSITIVE,0.9997902512550354
Good,5,2023-08-31,Dashen,Google Play,POSITIVE,0.9998161196708679
Loved,5,2023-08-30,Dashen,Google Play,POSITIVE,0.999881386756897
Very good app and secured,5,2023-08-28,Dashen,Google Play,POSITIVE,0.9998586177825928
This app is so simple to use and secured. But while generating receipt or ደረሰኝ its required additional app XML viewer or PDF conversion app. Why? Can we view the receipt through jpg viewers?,4,2023-08-26,Dashen,Google Play,NEGATIVE,0.9978798627853394
Not too bad,3,2023-08-19,Dashen,Google Play,POSITIVE,0.9989666938781738
Teribble need a lot of work to improve,1,2023-08-19,Dashen,Google Play,NEGATIVE,0.9899706244468689
ok,5,2023-08-19,Dashen,Google Play,POSITIVE,0.9997851252555847
ምርጥየ,5,2023-08-18,Dashen,Google Play,NEGATIVE,0.6970561742782593
Baheru ጭስ,2,2023-08-16,Dashen,Google Play,NEGATIVE,0.7803633809089661
Wawu,5,2023-08-12,Dashen,Google Play,POSITIVE,0.573069155216217
Thank Dashen bank,5,2023-08-12,Dashen,Google Play,POSITIVE,0.9997907280921936
good,1,2023-08-12,Dashen,Google Play,POSITIVE,0.9998161196708679
Good,4,2023-08-11,Dashen,Google Play,POSITIVE,0.9998161196708679
Simple and secured,5,2023-08-10,Dashen,Google Play,POSITIVE,0.9997952580451965
its nice and easg to use.Also its unique part is very fast,5,2023-08-10,Dashen,Google Play,POSITIVE,0.999683141708374
It's just ewww the app overall,2,2023-08-10,Dashen,Google Play,NEGATIVE,0.9976047277450562
Love it,5,2023-08-09,Dashen,Google Play,POSITIVE,0.9998753070831299
Good App.,5,2023-08-09,Dashen,Google Play,POSITIVE,0.9998503923416138
Good,5,2023-08-05,Dashen,Google Play,POSITIVE,0.9998161196708679
Its good,5,2023-08-05,Dashen,Google Play,POSITIVE,0.9998385906219482
Simplify.,5,2023-08-01,Dashen,Google Play,POSITIVE,0.9969447255134583
Amazing,5,2023-08-01,Dashen,Google Play,POSITIVE,0.999875545501709
"Abel Balcha, and Abel Solomon, sad to say what is annoying is to read your comment about password. Your comments on password tell your limited knowledge about digital security. Both comments goes against strong security policies; It is meant to protect your assets. Don't be careless on it. Reconsider your review. In a way you are telling how secure this app is. I hope Dashen will respond to disqualify your review points. It is just not fair.",4,2023-07-30,Dashen,Google Play,NEGATIVE,0.9915285110473633
good👍,4,2023-07-28,Dashen,Google Play,NEGATIVE,0.6970561742782593
Best,5,2023-07-27,Dashen,Google Play,POSITIVE,0.9997941851615906
good app,5,2023-07-27,Dashen,Google Play,POSITIVE,0.9998493194580078
"I really enjoy this app because by doing anything it could remind me and saying you logged in with this app, if is not you contact this number.. So I like it",5,2023-07-23,Dashen,Google Play,POSITIVE,0.9993361830711365
Tell 6836,1,2023-07-22,Dashen,Google Play,NEGATIVE,0.9464446902275085
"The login should be auto filled,",3,2023-07-20,Dashen,Google Play,NEGATIVE,0.9990450739860535
Good,5,2023-07-20,Dashen,Google Play,POSITIVE,0.9998161196708679
የአንድ ጊዜ ምስጥር ቁጥር ቶሎ አይመጣም ብዙ ሰዓት ያስጠብቃል ማሻሻያ ይደረግ,2,2023-07-20,Dashen,Google Play,NEGATIVE,0.9445853233337402
Good app,4,2023-07-18,Dashen,Google Play,POSITIVE,0.9998493194580078
Used balance check app,5,2023-07-14,Dashen,Google Play,NEGATIVE,0.9891077280044556
Nice so perfect,5,2023-07-06,Dashen,Google Play,POSITIVE,0.9998693466186523
It is easy to use,5,2023-07-04,Dashen,Google Play,POSITIVE,0.9991773962974548
This appi is 👍Good,3,2023-06-09,Dashen,Google Play,NEGATIVE,0.9003690481185913
ጥሩ ነው ግን chrom ላይ password save አድርጎ ያቆያል,5,2023-06-09,Dashen,Google Play,NEGATIVE,0.9879748821258545
Thankz,3,2023-06-08,Dashen,Google Play,POSITIVE,0.9998202919960022
Why should change password it's not good if ur client forget password it can be exhausted for client,2,2023-06-08,Dashen,Google Play,NEGATIVE,0.9995655417442322
OTP not send on time while processing any transactions by this app.,4,2023-06-07,Dashen,Google Play,NEGATIVE,0.9874594211578369
Good app,5,2023-06-06,Dashen,Google Play,POSITIVE,0.9998493194580078
"It is simple to use, one annoying thing is, it demands you to change passward frequently and then, when we get confused which passward we used last time, it locks you out, if you put wrong passward and then tells to go to your bank, which may be miles away. Please make the frequency of passward change less frequent.",2,2023-06-06,Dashen,Google Play,NEGATIVE,0.9949560761451721
good upp,1,2023-06-06,Dashen,Google Play,POSITIVE,0.9998412132263184
best,5,2023-06-05,Dashen,Google Play,POSITIVE,0.9997941851615906
Five star,5,2023-05-26,Dashen,Google Play,POSITIVE,0.9985104203224182
It's amazing app use it!,5,2023-05-21,Dashen,Google Play,POSITIVE,0.9998551607131958
"I really enjoy using the amole app simple and easy. I hope the developers add card management services like change your pin, disable card and so on other than that I enjoy using amole it's great 👍",5,2023-05-16,Dashen,Google Play,POSITIVE,0.9974088072776794
I can't update amole lite and when I try to use the old version it can't log on to my account.,3,2023-05-13,Dashen,Google Play,NEGATIVE,0.999097466468811
It's good and easy to user from any branch. I say Continue ahead,5,2023-05-10,Dashen,Google Play,POSITIVE,0.9998160004615784
Good app,5,2023-05-06,Dashen,Google Play,POSITIVE,0.9998493194580078
ፈጣን እና ምርጥ ባንክ ነው mobile banking ደሞ በታም ኣሪፍ አና ተሎ የሚደርስ ከሌላ bank የተለየ ነው ቀጥሉበት ፡፡ እናመሰግናለን,5,2023-05-05,Dashen,Google Play,NEGATIVE,0.9499198198318481
Best,5,2023-05-04,Dashen,Google Play,POSITIVE,0.9997941851615906
Best app,5,2023-04-28,Dashen,Google Play,POSITIVE,0.999686598777771
This app is not expected from a bank that says they are pioneer in adapting technology.its user interface is worst than other bank its not intuitive at all .it needs lots of work,3,2023-04-28,Dashen,Google Play,NEGATIVE,0.9996604919433594
Good,5,2023-04-18,Dashen,Google Play,POSITIVE,0.9998161196708679
best,5,2023-04-13,Dashen,Google Play,POSITIVE,0.9997941851615906
Best Application,5,2023-04-08,Dashen,Google Play,POSITIVE,0.9998098015785217
Ok,5,2023-04-01,Dashen,Google Play,POSITIVE,0.9997851252555847
ለ ንግድ ስራ yamehon 6 war yamemalsew tenshe bedr eflgalhu,4,2023-03-29,Dashen,Google Play,NEGATIVE,0.983790934085846
It`s good.but the transaction fee to other bank is too much,3,2023-03-28,Dashen,Google Play,NEGATIVE,0.9966993927955627
Best,5,2023-03-27,Dashen,Google Play,POSITIVE,0.9997941851615906
Gaariidha!!!,5,2023-03-26,Dashen,Google Play,POSITIVE,0.997234046459198
Good app it is useful for business activities .,5,2023-03-25,Dashen,Google Play,POSITIVE,0.9994930028915405
Good app,5,2023-03-25,Dashen,Google Play,POSITIVE,0.9998493194580078
Like,5,2023-03-24,Dashen,Google Play,POSITIVE,0.9910564422607422
Nice app,4,2023-03-22,Dashen,Google Play,POSITIVE,0.9998061060905457
Account is locked out without any wrong password retries 3 times. Sending OTP is unnecessary because it has its own username and password.we can not make transfer without having SIM card on hands.if it require SIM card why we not use USSD no need of app instead .it makes discomfort for using,3,2023-03-20,Dashen,Google Play,NEGATIVE,0.9987782835960388
Good and reliable service,5,2023-03-19,Dashen,Google Play,POSITIVE,0.9998660087585449
"Best app I have ever seen woderfull, always one step ahead.",5,2023-03-19,Dashen,Google Play,POSITIVE,0.9996339082717896
Good apps,5,2023-03-19,Dashen,Google Play,POSITIVE,0.9998608827590942
Good application for people needs,5,2023-03-18,Dashen,Google Play,POSITIVE,0.9997090697288513
What the hell are you doing. How can you release an app update and completely ruin everything. I can even login to begin with. You took it from a 5 to a 1.,1,2023-03-18,Dashen,Google Play,NEGATIVE,0.9997566342353821
comfortable,5,2023-03-18,Dashen,Google Play,POSITIVE,0.9998550415039062
Really what amazing application whcih easily friendly and convinant more finally I would like to say it alawyas updated and modified many times it lacks consistancy.,5,2023-03-13,Dashen,Google Play,POSITIVE,0.9274626970291138
Good,5,2023-03-09,Dashen,Google Play,POSITIVE,0.9998161196708679
This is good app,4,2023-03-08,Dashen,Google Play,POSITIVE,0.9998615980148315
Best mobile bank in Ethiopia i can access this service through different way. I love it,5,2023-02-27,Dashen,Google Play,POSITIVE,0.9997219443321228
Wow,5,2023-02-23,Dashen,Google Play,POSITIVE,0.999592125415802
You have made the app more user friendly and easier to access any informantion. Great work from the developers. 👏👏👏,5,2023-02-18,Dashen,Google Play,POSITIVE,0.9986612796783447
"It is easy to use, fast and secure. I love it keep up the good work!",5,2023-02-15,Dashen,Google Play,POSITIVE,0.9998844861984253
Wow,4,2023-02-13,Dashen,Google Play,POSITIVE,0.999592125415802
"Secure,Fast and Easy👍",5,2023-02-10,Dashen,Google Play,POSITIVE,0.9996066689491272
Dashin Bank,5,2023-02-05,Dashen,Google Play,POSITIVE,0.9924732446670532
It's good thanks you,5,2023-02-05,Dashen,Google Play,POSITIVE,0.9998435974121094
"Its very easy and usefull app,keep it up your good service.",5,2023-02-02,Dashen,Google Play,POSITIVE,0.9991945624351501
Excellent,5,2023-01-30,Dashen,Google Play,POSITIVE,0.9998434782028198
It's very good,5,2023-01-25,Dashen,Google Play,POSITIVE,0.9998470544815063
Good App,1,2023-01-20,Dashen,Google Play,POSITIVE,0.9998493194580078
Malif kani yeroo yerodhani update gafat kuni imo rakisadha,2,2023-01-19,Dashen,Google Play,NEGATIVE,0.8525938987731934
ይመቻል,5,2023-01-10,Dashen,Google Play,NEGATIVE,0.6970561742782593
Nice app,5,2023-01-10,Dashen,Google Play,POSITIVE,0.9998061060905457
"This version is better from the previous one, it's speed is admirable!",4,2023-01-01,Dashen,Google Play,POSITIVE,0.9998633861541748
Good app.,5,2022-12-30,Dashen,Google Play,POSITIVE,0.9998503923416138
Thanks for this application,5,2022-12-29,Dashen,Google Play,POSITIVE,0.9997004270553589
Abin kun hedduu midhagadhaa 👍😍,5,2022-12-28,Dashen,Google Play,NEGATIVE,0.9538559317588806
It is very good,5,2022-12-28,Dashen,Google Play,POSITIVE,0.9998561143875122
Doesn't open.,1,2022-12-24,Dashen,Google Play,NEGATIVE,0.9997373223304749
Why is not working,3,2022-12-18,Dashen,Google Play,NEGATIVE,0.9996384382247925
It's nice app tanks befor.,5,2022-12-18,Dashen,Google Play,POSITIVE,0.9994992017745972
Nice,5,2022-12-16,Dashen,Google Play,POSITIVE,0.9998552799224854
"It's a good app. I like the summery it gives after every transaction. The problem is its asking me to update, when I try to update, it won't.",4,2022-12-15,Dashen,Google Play,POSITIVE,0.9982465505599976
It is helpful for my transactions.,5,2022-12-13,Dashen,Google Play,POSITIVE,0.9978218078613281
Fantastic app,5,2022-12-13,Dashen,Google Play,POSITIVE,0.9998588562011719
"It is nice app, secure. The problem is, it can not remember accounts I have previously transferred to. I have to manually enter account number every time I want to make transfers. The CBE app remembers previously used accounts. Learn from them.",4,2022-12-09,Dashen,Google Play,POSITIVE,0.9664819240570068
It's a great app,5,2022-12-08,Dashen,Google Play,POSITIVE,0.999862790107727
Bad app,5,2022-12-07,Dashen,Google Play,NEGATIVE,0.9997212290763855
